Data,Chuva ,Nível
21/02/2020 23:45,0,278
21/02/2020 23:30,0,279
21/02/2020 23:15,0,280
21/02/2020 23:00,0,280
21/02/2020 22:45,0,281
21/02/2020 22:30,0,282
21/02/2020 22:15,0,282
21/02/2020 22:00,0,283
21/02/2020 21:45,0,283
21/02/2020 21:30,0.25,284
21/02/2020 21:15,1,283
21/02/2020 21:00,0.75,283
21/02/2020 20:45,0,282
21/02/2020 20:30,0,282
21/02/2020 20:15,0,281
21/02/2020 20:00,0,280
21/02/2020 19:45,0,278
21/02/2020 19:30,0,277
21/02/2020 19:15,0,276
21/02/2020 19:00,0,275
21/02/2020 18:45,0,275
21/02/2020 18:30,0,274
21/02/2020 18:15,0,274
21/02/2020 18:00,0,273
21/02/2020 17:45,0,273
21/02/2020 17:30,0,274
21/02/2020 17:15,0,274
21/02/2020 17:00,0,275
21/02/2020 16:45,0,274
21/02/2020 16:30,0,272
21/02/2020 16:15,0,270
21/02/2020 16:00,0.25,270
21/02/2020 15:45,0.25,268
21/02/2020 15:30,0.75,266
21/02/2020 15:15,0.25,265
21/02/2020 15:00,0,265
21/02/2020 14:45,0.25,265
21/02/2020 14:30,0,265
21/02/2020 14:15,0.5,265
21/02/2020 14:00,0.5,78
21/02/2020 13:45,0.25,78
21/02/2020 13:30,0.25,78
21/02/2020 13:15,0.25,265
21/02/2020 13:00,0,265
21/02/2020 12:45,0,265
21/02/2020 12:30,0,265
21/02/2020 12:15,0,265
21/02/2020 12:00,0,265
21/02/2020 11:45,0,265
21/02/2020 11:30,0,265
21/02/2020 11:15,0,265
21/02/2020 11:00,0,265
21/02/2020 10:45,0,266
21/02/2020 10:30,0,266
21/02/2020 10:15,0,266
21/02/2020 10:00,0,266
21/02/2020 09:45,0,266
21/02/2020 09:30,0,266
21/02/2020 09:15,0,266
21/02/2020 09:00,0,266
21/02/2020 08:45,0,266
21/02/2020 08:30,0,267
21/02/2020 08:15,0,267
21/02/2020 08:00,0,267
21/02/2020 07:45,0,268
21/02/2020 07:30,0,268
21/02/2020 07:15,0,268
21/02/2020 07:00,0,268
21/02/2020 06:45,0,269
21/02/2020 06:30,0,269
21/02/2020 06:15,0,269
21/02/2020 06:00,0,270
21/02/2020 05:45,0,270
21/02/2020 05:30,0,271
21/02/2020 05:15,0,271
21/02/2020 05:00,0,272
21/02/2020 04:45,0,273
21/02/2020 04:30,0,273
21/02/2020 04:15,0,274
21/02/2020 04:00,0,274
21/02/2020 03:45,0,274
21/02/2020 03:30,0,273
21/02/2020 03:15,0,272
21/02/2020 03:00,0,271
21/02/2020 02:45,0,269
21/02/2020 02:30,0,268
21/02/2020 02:15,0,266
21/02/2020 02:00,0,265
21/02/2020 01:45,0,264
21/02/2020 01:30,0,263
21/02/2020 01:15,0,263
21/02/2020 01:00,0,263
21/02/2020 00:45,0,264
21/02/2020 00:30,0,264
21/02/2020 00:15,0,264
21/02/2020 00:00,0,264
20/02/2020 23:45,0,264
20/02/2020 23:30,0,265
20/02/2020 23:15,0,265
20/02/2020 23:00,0,265
20/02/2020 22:45,0,265
20/02/2020 22:30,0,265
20/02/2020 22:15,0,265
20/02/2020 22:00,0,265
20/02/2020 21:45,0,265
20/02/2020 21:30,0,265
20/02/2020 21:15,0,265
20/02/2020 21:00,0,265
20/02/2020 20:45,0,264
20/02/2020 20:30,0,264
20/02/2020 20:15,0,264
20/02/2020 20:00,0,264
20/02/2020 19:45,0,264
20/02/2020 19:30,0,264
20/02/2020 19:15,0,265
20/02/2020 19:00,0,265
20/02/2020 18:45,0,265
20/02/2020 18:30,0,265
20/02/2020 18:15,0,265
20/02/2020 18:00,0,265
20/02/2020 17:45,0,265
20/02/2020 17:30,0,265
20/02/2020 17:15,0,265
20/02/2020 17:00,0,265
20/02/2020 16:45,0,265
20/02/2020 16:30,0,265
20/02/2020 16:15,0,265
20/02/2020 16:00,0,266
20/02/2020 15:45,0,266
20/02/2020 15:30,0,266
20/02/2020 15:15,0,266
20/02/2020 15:00,0,266
20/02/2020 14:45,0,266
20/02/2020 14:30,0,266
20/02/2020 14:15,0,266
20/02/2020 14:00,0,266
20/02/2020 13:45,0,267
20/02/2020 13:30,0,267
20/02/2020 13:15,0,267
20/02/2020 13:00,0,267
20/02/2020 12:45,0,267
20/02/2020 12:30,0,267
20/02/2020 12:15,0,267
20/02/2020 12:00,0,267
20/02/2020 11:45,0,267
20/02/2020 11:30,0,267
20/02/2020 11:15,0,268
20/02/2020 11:00,0,268
20/02/2020 10:45,0,268
20/02/2020 10:30,0,268
20/02/2020 10:15,0,268
20/02/2020 10:00,0,268
20/02/2020 09:45,0,269
20/02/2020 09:30,0,269
20/02/2020 09:15,0,269
20/02/2020 09:00,0,269
20/02/2020 08:45,0,269
20/02/2020 08:30,0,269
20/02/2020 08:15,0,270
20/02/2020 08:00,0,270
20/02/2020 07:45,0,270
20/02/2020 07:30,0,271
20/02/2020 07:15,0,271
20/02/2020 07:00,0,272
20/02/2020 06:45,0,272
20/02/2020 06:30,0,273
20/02/2020 06:15,0,273
20/02/2020 06:00,0,274
20/02/2020 05:45,0,274
20/02/2020 05:30,0,275
20/02/2020 05:15,0,276
20/02/2020 05:00,0,277
20/02/2020 04:45,0,278
20/02/2020 04:30,0,280
20/02/2020 04:15,0,280
20/02/2020 04:00,0,282
20/02/2020 03:45,0,283
20/02/2020 03:30,0,285
20/02/2020 03:15,0,286
20/02/2020 03:00,0,287
20/02/2020 02:45,0,288
20/02/2020 02:30,0,288
20/02/2020 02:15,0,287
20/02/2020 02:00,0,287
20/02/2020 01:45,0,285
20/02/2020 01:30,0,283
20/02/2020 01:15,0,281
20/02/2020 01:00,0,278
20/02/2020 00:45,0,275
20/02/2020 00:30,0,273
20/02/2020 00:15,0,272
20/02/2020 00:00,0,272
19/02/2020 23:45,0.25,272
19/02/2020 23:30,0,274
19/02/2020 23:15,0,275
19/02/2020 23:00,0,276
19/02/2020 22:45,0,277
19/02/2020 22:30,0,276
19/02/2020 22:15,0,274
19/02/2020 22:00,0,269
19/02/2020 21:45,0,266
19/02/2020 21:30,0,264
19/02/2020 21:15,0,263
19/02/2020 21:00,0,262
19/02/2020 20:45,0,262
19/02/2020 20:30,0.25,262
19/02/2020 20:15,0.5,262
19/02/2020 20:00,0.5,262
19/02/2020 19:45,0,262
19/02/2020 19:30,0,263
19/02/2020 19:15,0,263
19/02/2020 19:00,0,263
19/02/2020 18:45,0,263
19/02/2020 18:30,0,263
19/02/2020 18:15,0,263
19/02/2020 18:00,0,263
19/02/2020 17:45,0,263
19/02/2020 17:30,0,264
19/02/2020 17:15,0,264
19/02/2020 17:00,0,264
19/02/2020 16:45,0,264
19/02/2020 16:30,0,264
19/02/2020 16:15,0,264
19/02/2020 16:00,0,264
19/02/2020 15:45,0,264
19/02/2020 15:30,0,264
19/02/2020 15:15,0,264
19/02/2020 15:00,0,264
19/02/2020 14:45,0,264
19/02/2020 14:30,0,264
19/02/2020 14:15,0,264
19/02/2020 14:00,0,264
19/02/2020 13:45,0,264
19/02/2020 13:30,0,264
19/02/2020 13:15,0,264
19/02/2020 13:00,0,264
19/02/2020 12:45,0,264
19/02/2020 12:30,0,264
19/02/2020 12:15,0,264
19/02/2020 12:00,0,264
19/02/2020 11:45,0,264
19/02/2020 11:30,0,264
19/02/2020 11:15,0,264
19/02/2020 11:00,0,264
19/02/2020 10:45,0,264
19/02/2020 10:30,0,264
19/02/2020 10:15,0,264
19/02/2020 10:00,0,264
19/02/2020 09:45,0,264
19/02/2020 09:30,0,264
19/02/2020 09:15,0,264
19/02/2020 09:00,0,264
19/02/2020 08:45,0,264
19/02/2020 08:30,0,264
19/02/2020 08:15,0,265
19/02/2020 08:00,0,264
19/02/2020 07:45,0,264
19/02/2020 07:30,0,265
19/02/2020 07:15,0,265
19/02/2020 07:00,0,265
19/02/2020 06:45,0,265
19/02/2020 06:30,0,265
19/02/2020 06:15,0,265
19/02/2020 06:00,0,265
19/02/2020 05:45,0,265
19/02/2020 05:30,0,265
19/02/2020 05:15,0,265
19/02/2020 05:00,0,265
19/02/2020 04:45,0,265
19/02/2020 04:30,0,265
19/02/2020 04:15,0,265
19/02/2020 04:00,0,265
19/02/2020 03:45,0,265
19/02/2020 03:30,0,266
19/02/2020 03:15,0,266
19/02/2020 03:00,0,266
19/02/2020 02:45,0,266
19/02/2020 02:30,0,266
19/02/2020 02:15,0,266
19/02/2020 02:00,0,266
19/02/2020 01:45,0,266
19/02/2020 01:30,0.25,267
19/02/2020 01:15,0,267
19/02/2020 01:00,0,267
19/02/2020 00:45,0,267
19/02/2020 00:30,0,267
19/02/2020 00:15,0,267
19/02/2020 00:00,0,267
18/02/2020 23:45,0,268
18/02/2020 23:30,0,268
18/02/2020 23:15,0,269
18/02/2020 23:00,0,269
18/02/2020 22:45,0,269
18/02/2020 22:30,0,270
18/02/2020 22:15,0,270
18/02/2020 22:00,0,271
18/02/2020 21:45,0,272
18/02/2020 21:30,0,272
18/02/2020 21:15,0,271
18/02/2020 21:00,0,268
18/02/2020 20:45,0,265
18/02/2020 20:30,0.75,265
18/02/2020 20:15,0,265
18/02/2020 20:00,0,265
18/02/2020 19:45,0,265
18/02/2020 19:30,0,265
18/02/2020 19:15,0,265
18/02/2020 19:00,0,265
18/02/2020 18:45,0,265
18/02/2020 18:30,0,265
18/02/2020 18:15,0,265
18/02/2020 18:00,0,265
18/02/2020 17:45,0,265
18/02/2020 17:30,0,266
18/02/2020 17:15,0,266
18/02/2020 17:00,0,266
18/02/2020 16:45,0,266
18/02/2020 16:30,0,266
18/02/2020 16:15,0,266
18/02/2020 16:00,0,266
18/02/2020 15:45,0,266
18/02/2020 15:30,0,266
18/02/2020 15:15,0,266
18/02/2020 15:00,0,266
18/02/2020 14:45,0,266
18/02/2020 14:30,0,266
18/02/2020 14:15,0,266
18/02/2020 14:00,0,266
18/02/2020 13:45,0,266
18/02/2020 13:30,0,266
18/02/2020 13:15,0,266
18/02/2020 13:00,0,266
18/02/2020 12:45,0,266
18/02/2020 12:30,0,266
18/02/2020 12:15,0,266
18/02/2020 12:00,0,266
18/02/2020 11:45,0,266
18/02/2020 11:30,0,266
18/02/2020 11:15,0,266
18/02/2020 11:00,0,266
18/02/2020 10:45,0,266
18/02/2020 10:30,0,266
18/02/2020 10:15,0,266
18/02/2020 10:00,0,266
18/02/2020 09:45,0,266
18/02/2020 09:30,0,266
18/02/2020 09:15,0,266
18/02/2020 09:00,0,266
18/02/2020 08:45,0,266
18/02/2020 08:30,0,266
18/02/2020 08:15,0,266
18/02/2020 08:00,0,266
18/02/2020 07:45,0,266
18/02/2020 07:30,0,266
18/02/2020 07:15,0,267
18/02/2020 07:00,0,267
18/02/2020 06:45,0,266
18/02/2020 06:30,0,267
18/02/2020 06:15,0,267
18/02/2020 06:00,0,267
18/02/2020 05:45,0,267
18/02/2020 05:30,0,267
18/02/2020 05:15,0,267
18/02/2020 05:00,0,267
18/02/2020 04:45,0,267
18/02/2020 04:30,0,267
18/02/2020 04:15,0,267
18/02/2020 04:00,0,267
18/02/2020 03:45,0,267
18/02/2020 03:30,0,267
18/02/2020 03:15,0,266
18/02/2020 03:00,0,266
18/02/2020 02:45,0,266
18/02/2020 02:30,0.25,266
18/02/2020 02:15,0,266
18/02/2020 02:00,0,266
18/02/2020 01:45,0,266
18/02/2020 01:30,0,266
18/02/2020 01:15,0,266
18/02/2020 01:00,0,266
18/02/2020 00:45,0,266
18/02/2020 00:30,0,266
18/02/2020 00:15,0,266
18/02/2020 00:00,0,266
17/02/2020 23:45,0,266
17/02/2020 23:30,0,266
17/02/2020 23:15,0,266
17/02/2020 23:00,0,266
17/02/2020 22:45,0,267
17/02/2020 22:30,0,267
17/02/2020 22:15,0,267
17/02/2020 22:00,0,267
17/02/2020 21:45,0,267
17/02/2020 21:30,0,267
17/02/2020 21:15,0,268
17/02/2020 21:00,0,268
17/02/2020 20:45,0,268
17/02/2020 20:30,0,268
17/02/2020 20:15,0,268
17/02/2020 20:00,0,268
17/02/2020 19:45,0,268
17/02/2020 19:30,0,269
17/02/2020 19:15,0,269
17/02/2020 19:00,0,269
17/02/2020 18:45,0,269
17/02/2020 18:30,0,269
17/02/2020 18:15,0,269
17/02/2020 18:00,0,269
17/02/2020 17:45,0,270
17/02/2020 17:30,0,270
17/02/2020 17:15,0,270
17/02/2020 17:00,0,270
17/02/2020 16:45,0,270
17/02/2020 16:30,0,270
17/02/2020 16:15,0,270
17/02/2020 16:00,0,271
17/02/2020 15:45,0,271
17/02/2020 15:30,0,271
17/02/2020 15:15,0,271
17/02/2020 15:00,0,271
17/02/2020 14:45,0,271
17/02/2020 14:30,0,271
17/02/2020 14:15,0,272
17/02/2020 14:00,0,272
17/02/2020 13:45,0,272
17/02/2020 13:30,0,272
17/02/2020 13:15,0,272
17/02/2020 13:00,0,272
17/02/2020 12:45,0,273
17/02/2020 12:30,0,273
17/02/2020 12:15,0,273
17/02/2020 12:00,0,273
17/02/2020 11:45,0,274
17/02/2020 11:30,0,274
17/02/2020 11:15,0,274
17/02/2020 11:00,0,275
17/02/2020 10:45,0,275
17/02/2020 10:30,0,276
17/02/2020 10:15,0,276
17/02/2020 10:00,0,276
17/02/2020 09:45,0,277
17/02/2020 09:30,0,278
17/02/2020 09:15,0,279
17/02/2020 09:00,0,280
17/02/2020 08:45,0,280
17/02/2020 08:30,0,282
17/02/2020 08:15,0,283
17/02/2020 08:00,0,285
17/02/2020 07:45,0,287
17/02/2020 07:30,0,288
17/02/2020 07:15,0,290
17/02/2020 07:00,0,291
17/02/2020 06:45,0,293
17/02/2020 06:30,0,294
17/02/2020 06:15,0,295
17/02/2020 06:00,0,295
17/02/2020 05:45,0,295
17/02/2020 05:30,0,295
17/02/2020 05:15,0,293
17/02/2020 05:00,0,292
17/02/2020 04:45,0,290
17/02/2020 04:30,0,288
17/02/2020 04:15,0,285
17/02/2020 04:00,0,281
17/02/2020 03:45,0,277
17/02/2020 03:30,0,272
17/02/2020 03:15,0,269
17/02/2020 03:00,0,268
17/02/2020 02:45,0,267
17/02/2020 02:30,0,267
17/02/2020 02:15,0,267
17/02/2020 02:00,0,267
17/02/2020 01:45,0,267
17/02/2020 01:30,0,267
17/02/2020 01:15,0,267
17/02/2020 01:00,0,267
17/02/2020 00:45,0,267
17/02/2020 00:30,0,267
17/02/2020 00:15,0,267
17/02/2020 00:00,0,267
16/02/2020 23:45,0,267
16/02/2020 23:30,0,267
16/02/2020 23:15,0,267
16/02/2020 23:00,0,267
16/02/2020 22:45,0,267
16/02/2020 22:30,0,267
16/02/2020 22:15,0,268
16/02/2020 22:00,0,268
16/02/2020 21:45,0,268
16/02/2020 21:30,0,268
16/02/2020 21:15,0,268
16/02/2020 21:00,0,268
16/02/2020 20:45,0,268
16/02/2020 20:30,0,268
16/02/2020 20:15,0,268
16/02/2020 20:00,0,268
16/02/2020 19:45,0,268
16/02/2020 19:30,0,268
16/02/2020 19:15,0,268
16/02/2020 19:00,0,269
16/02/2020 18:45,0,269
16/02/2020 18:30,0,269
16/02/2020 18:15,0,269
16/02/2020 18:00,0,269
16/02/2020 17:45,0,269
16/02/2020 17:30,0,269
16/02/2020 17:15,0,269
16/02/2020 17:00,0,269
16/02/2020 16:45,0,269
16/02/2020 16:30,0,269
16/02/2020 16:15,0,269
16/02/2020 16:00,0,269
16/02/2020 15:45,0,269
16/02/2020 15:30,0.25,269
16/02/2020 15:15,0,269
16/02/2020 15:00,0,269
16/02/2020 14:45,0,269
16/02/2020 14:30,0,269
16/02/2020 14:15,0,269
16/02/2020 14:00,0,269
16/02/2020 13:45,0,269
16/02/2020 13:30,0,269
16/02/2020 13:15,0,269
16/02/2020 13:00,0,269
16/02/2020 12:45,0,270
16/02/2020 12:30,0,269
16/02/2020 12:15,0,269
16/02/2020 12:00,0,269
16/02/2020 11:45,0,269
16/02/2020 11:30,0,270
16/02/2020 11:15,0,270
16/02/2020 11:00,0,269
16/02/2020 10:45,0,269
16/02/2020 10:30,0,269
16/02/2020 10:15,0,269
16/02/2020 10:00,0,269
16/02/2020 09:45,0,269
16/02/2020 09:30,0,270
16/02/2020 09:15,0,269
16/02/2020 09:00,0,270
16/02/2020 08:45,0,270
16/02/2020 08:30,0,269
16/02/2020 08:15,0,270
16/02/2020 08:00,0,270
16/02/2020 07:45,0,270
16/02/2020 07:30,0,269
16/02/2020 07:15,0,270
16/02/2020 07:00,0,269
16/02/2020 06:45,0,270
16/02/2020 06:30,0,270
16/02/2020 06:15,0,270
16/02/2020 06:00,0,270
16/02/2020 05:45,0,270
16/02/2020 05:30,0,270
16/02/2020 05:15,0,270
16/02/2020 05:00,0,270
16/02/2020 04:45,0,270
16/02/2020 04:30,0,270
16/02/2020 04:15,0,270
16/02/2020 04:00,0,270
16/02/2020 03:45,0,270
16/02/2020 03:30,0,270
16/02/2020 03:15,0,270
16/02/2020 03:00,0,269
16/02/2020 02:45,0,270
16/02/2020 02:30,0,270
16/02/2020 02:15,0,270
16/02/2020 02:00,0,270
16/02/2020 01:45,0,270
16/02/2020 01:30,0,270
16/02/2020 01:15,0,270
16/02/2020 01:00,0,270
16/02/2020 00:45,0,270
16/02/2020 00:30,0,271
16/02/2020 00:15,0,271
16/02/2020 00:00,0,271
15/02/2020 23:45,0,271
15/02/2020 23:30,0,271
15/02/2020 23:15,0,271
15/02/2020 23:00,0,271
15/02/2020 22:45,0,271
15/02/2020 22:30,0,271
15/02/2020 22:15,0,272
15/02/2020 22:00,0,272
15/02/2020 21:45,0,272
15/02/2020 21:30,0,272
15/02/2020 21:15,0,272
15/02/2020 21:00,0,272
15/02/2020 20:45,0,272
15/02/2020 20:30,0,272
15/02/2020 20:15,0,272
15/02/2020 20:00,0,273
15/02/2020 19:45,0,273
15/02/2020 19:30,0,273
15/02/2020 19:15,0,273
15/02/2020 19:00,0,274
15/02/2020 18:45,0,274
15/02/2020 18:30,0,274
15/02/2020 18:15,0,274
15/02/2020 18:00,0,274
15/02/2020 17:45,0,274
15/02/2020 17:30,0,274
15/02/2020 17:15,0,275
15/02/2020 17:00,0,275
15/02/2020 16:45,0,275
15/02/2020 16:30,0,275
15/02/2020 16:15,0,275
15/02/2020 16:00,0,275
15/02/2020 15:45,0,275
15/02/2020 15:30,0,275
15/02/2020 15:15,0,275
15/02/2020 15:00,0,275
15/02/2020 14:45,0,275
15/02/2020 14:30,0,276
15/02/2020 14:15,0,276
15/02/2020 14:00,0,276
15/02/2020 13:45,0,276
15/02/2020 13:30,0,276
15/02/2020 13:15,0,276
15/02/2020 13:00,0,276
15/02/2020 12:45,0,276
15/02/2020 12:30,0,276
15/02/2020 12:15,0,276
15/02/2020 12:00,0,276
15/02/2020 11:45,0,276
15/02/2020 11:30,0,277
15/02/2020 11:15,0,276
15/02/2020 11:00,0,277
15/02/2020 10:45,0,277
15/02/2020 10:30,0,277
15/02/2020 10:15,0,277
15/02/2020 10:00,0,277
15/02/2020 09:45,0,277
15/02/2020 09:30,0,277
15/02/2020 09:15,0,278
15/02/2020 09:00,0,278
15/02/2020 08:45,0,278
15/02/2020 08:30,0,279
15/02/2020 08:15,0,279
15/02/2020 08:00,0,280
15/02/2020 07:45,0,280
15/02/2020 07:30,0,280
15/02/2020 07:15,0,280
15/02/2020 07:00,0,281
15/02/2020 06:45,0,281
15/02/2020 06:30,0,281
15/02/2020 06:15,0,280
15/02/2020 06:00,0,280
15/02/2020 05:45,0,279
15/02/2020 05:30,0,279
15/02/2020 05:15,0,278
15/02/2020 05:00,0,277
15/02/2020 04:45,0,277
15/02/2020 04:30,0,276
15/02/2020 04:15,0,276
15/02/2020 04:00,0,276
15/02/2020 03:45,0,276
15/02/2020 03:30,0,277
15/02/2020 03:15,0,276
15/02/2020 03:00,0,277
15/02/2020 02:45,0,277
15/02/2020 02:30,0,277
15/02/2020 02:15,0,277
15/02/2020 02:00,0,277
15/02/2020 01:45,0,277
15/02/2020 01:30,0,277
15/02/2020 01:15,0,277
15/02/2020 01:00,0,277
15/02/2020 00:45,0,278
15/02/2020 00:30,0,278
15/02/2020 00:15,0,278
15/02/2020 00:00,0,278
14/02/2020 23:45,0,279
14/02/2020 23:30,0,279
14/02/2020 23:15,0,279
14/02/2020 23:00,0,279
14/02/2020 22:45,0,279
14/02/2020 22:30,0,280
14/02/2020 22:15,0,280
14/02/2020 22:00,0,280
14/02/2020 21:45,0,280
14/02/2020 21:30,0,281
14/02/2020 21:15,0,281
14/02/2020 21:00,0,281
14/02/2020 20:45,0,281
14/02/2020 20:30,0,282
14/02/2020 20:15,0,282
14/02/2020 20:00,0,283
14/02/2020 19:45,0,283
14/02/2020 19:30,0,283
14/02/2020 19:15,0,283
14/02/2020 19:00,0,283
14/02/2020 18:45,0,283
14/02/2020 18:30,0,284
14/02/2020 18:15,0,284
14/02/2020 18:00,0,284
14/02/2020 17:45,0,284
14/02/2020 17:30,0,285
14/02/2020 17:15,0,285
14/02/2020 17:00,0,285
14/02/2020 16:45,0,286
14/02/2020 16:30,0,286
14/02/2020 16:15,0,286
14/02/2020 16:00,0,287
14/02/2020 15:45,0,287
14/02/2020 15:30,0,287
14/02/2020 15:15,0,287
14/02/2020 15:00,0,288
14/02/2020 14:45,0,288
14/02/2020 14:30,0,288
14/02/2020 14:15,0,289
14/02/2020 14:00,0,289
14/02/2020 13:45,0,289
14/02/2020 13:30,0,289
14/02/2020 13:15,0,290
14/02/2020 13:00,0,290
14/02/2020 12:45,0,291
14/02/2020 12:30,0,291
14/02/2020 12:15,0,291
14/02/2020 12:00,0,292
14/02/2020 11:45,0,292
14/02/2020 11:30,0,293
14/02/2020 11:15,0,294
14/02/2020 11:00,0,294
14/02/2020 10:45,0,295
14/02/2020 10:30,0,296
14/02/2020 10:15,0,296
14/02/2020 10:00,0,298
14/02/2020 09:45,0,298
14/02/2020 09:30,0,300
14/02/2020 09:15,0,301
14/02/2020 09:00,0,302
14/02/2020 08:45,0,303
14/02/2020 08:30,0,304
14/02/2020 08:15,0,306
14/02/2020 08:00,0,307
14/02/2020 07:45,0,308
14/02/2020 07:30,0,309
14/02/2020 07:15,0,309
14/02/2020 07:00,0,310
14/02/2020 06:45,0,310
14/02/2020 06:30,0,310
14/02/2020 06:15,0,310
14/02/2020 06:00,0,310
14/02/2020 05:45,0,309
14/02/2020 05:30,0,309
14/02/2020 05:15,0,308
14/02/2020 05:00,0,307
14/02/2020 04:45,0,307
14/02/2020 04:30,0,305
14/02/2020 04:15,0,304
14/02/2020 04:00,0,303
14/02/2020 03:45,0,301
14/02/2020 03:30,0,300
14/02/2020 03:15,0,299
14/02/2020 03:00,0,298
14/02/2020 02:45,0,298
14/02/2020 02:30,0,298
14/02/2020 02:15,0,298
14/02/2020 02:00,0,299
14/02/2020 01:45,0,300
14/02/2020 01:30,0,300
14/02/2020 01:15,0,301
14/02/2020 01:00,0,301
14/02/2020 00:45,0,301
14/02/2020 00:30,0,302
14/02/2020 00:15,0,302
14/02/2020 00:00,0,302
13/02/2020 23:45,0,302
13/02/2020 23:30,0,302
13/02/2020 23:15,0,303
13/02/2020 23:00,0,303
13/02/2020 22:45,0,305
13/02/2020 22:30,0,306
13/02/2020 22:15,0,308
13/02/2020 22:00,0,309
13/02/2020 21:45,0,312
13/02/2020 21:30,0,316
13/02/2020 21:15,0,320
13/02/2020 21:00,0,325
13/02/2020 20:45,0,331
13/02/2020 20:30,0,338
13/02/2020 20:15,0,346
13/02/2020 20:00,0,350
13/02/2020 19:45,0,347
13/02/2020 19:30,0,342
13/02/2020 19:15,0,337
13/02/2020 19:00,0,322
13/02/2020 18:45,0,315
13/02/2020 18:30,6.75,297
13/02/2020 18:15,12.25,283
13/02/2020 18:00,0.5,281
13/02/2020 17:45,0,282
13/02/2020 17:30,0,282
13/02/2020 17:15,0,282
13/02/2020 17:00,0,282
13/02/2020 16:45,0,282
13/02/2020 16:30,0,282
13/02/2020 16:15,0,283
13/02/2020 16:00,0,283
13/02/2020 15:45,0,283
13/02/2020 15:30,0,283
13/02/2020 15:15,0,283
13/02/2020 15:00,0,283
13/02/2020 14:45,0,284
13/02/2020 14:30,0,283
13/02/2020 14:15,0,284
13/02/2020 14:00,0,284
13/02/2020 13:45,0,284
13/02/2020 13:30,0,285
13/02/2020 13:15,0,285
13/02/2020 13:00,0,285
13/02/2020 12:45,0,285
13/02/2020 12:30,0,285
13/02/2020 12:15,0,285
13/02/2020 12:00,0,285
13/02/2020 11:45,0,285
13/02/2020 11:30,0,286
13/02/2020 11:15,0,286
13/02/2020 11:00,0,286
13/02/2020 10:45,0,287
13/02/2020 10:30,0,287
13/02/2020 10:15,0,287
13/02/2020 10:00,0,287
13/02/2020 09:45,0,287
13/02/2020 09:30,0,287
13/02/2020 09:15,0,287
13/02/2020 09:00,0,288
13/02/2020 08:45,0,288
13/02/2020 08:30,0,288
13/02/2020 08:15,0,289
13/02/2020 08:00,0,289
13/02/2020 07:45,0,289
13/02/2020 07:30,0,289
13/02/2020 07:15,0,290
13/02/2020 07:00,0,290
13/02/2020 06:45,0,290
13/02/2020 06:30,0,290
13/02/2020 06:15,0,290
13/02/2020 06:00,0,291
13/02/2020 05:45,0,291
13/02/2020 05:30,0,291
13/02/2020 05:15,0,291
13/02/2020 05:00,0,292
13/02/2020 04:45,0,292
13/02/2020 04:30,0,292
13/02/2020 04:15,0,293
13/02/2020 04:00,0,293
13/02/2020 03:45,0,294
13/02/2020 03:30,0,294
13/02/2020 03:15,0,294
13/02/2020 03:00,0,295
13/02/2020 02:45,0,296
13/02/2020 02:30,0,296
13/02/2020 02:15,0,297
13/02/2020 02:00,0,298
13/02/2020 01:45,0,298
13/02/2020 01:30,0,299
13/02/2020 01:15,0,299
13/02/2020 01:00,0,300
13/02/2020 00:45,0,300
13/02/2020 00:30,0,301
13/02/2020 00:15,0,301
13/02/2020 00:00,0,302
12/02/2020 23:45,0,302
12/02/2020 23:30,0,302
12/02/2020 23:15,0,302
12/02/2020 23:00,0,302
12/02/2020 22:45,0,302
12/02/2020 22:30,0,303
12/02/2020 22:15,0,302
12/02/2020 22:00,0,302
12/02/2020 21:45,0,301
12/02/2020 21:30,0,301
12/02/2020 21:15,0,300
12/02/2020 21:00,0,300
12/02/2020 20:45,0,299
12/02/2020 20:30,0,299
12/02/2020 20:15,0.25,299
12/02/2020 20:00,0,298
12/02/2020 19:45,0,298
12/02/2020 19:30,0,297
12/02/2020 19:15,0,297
12/02/2020 19:00,0,297
12/02/2020 18:45,0,297
12/02/2020 18:30,0,296
12/02/2020 18:15,0,297
12/02/2020 18:00,0,296
12/02/2020 17:45,0,296
12/02/2020 17:30,0,297
12/02/2020 17:15,0,297
12/02/2020 17:00,0.25,297
12/02/2020 16:45,0.25,298
12/02/2020 16:30,0,298
12/02/2020 16:15,0,298
12/02/2020 16:00,0.5,298
12/02/2020 15:45,0.5,298
12/02/2020 15:30,0,299
12/02/2020 15:15,0,299
12/02/2020 15:00,0,300
12/02/2020 14:45,0,300
12/02/2020 14:30,0.25,300
12/02/2020 14:15,0.5,301
12/02/2020 14:00,0.5,301
12/02/2020 13:45,0.75,302
12/02/2020 13:30,0.25,302
12/02/2020 13:15,0,303
12/02/2020 13:00,0,303
12/02/2020 12:45,0,304
12/02/2020 12:30,0,305
12/02/2020 12:15,0,305
12/02/2020 12:00,0,306
12/02/2020 11:45,0,307
12/02/2020 11:30,0,308
12/02/2020 11:15,0,309
12/02/2020 11:00,0,309
12/02/2020 10:45,0,310
12/02/2020 10:30,0,311
12/02/2020 10:15,0,312
12/02/2020 10:00,0,312
12/02/2020 09:45,0,314
12/02/2020 09:30,0,315
12/02/2020 09:15,0,315
12/02/2020 09:00,0,316
12/02/2020 08:45,0,317
12/02/2020 08:30,0,317
12/02/2020 08:15,0,318
12/02/2020 08:00,0,318
12/02/2020 07:45,0,319
12/02/2020 07:30,0,318
12/02/2020 07:15,0,319
12/02/2020 07:00,0,319
12/02/2020 06:45,0,319
12/02/2020 06:30,0,319
12/02/2020 06:15,0,319
12/02/2020 06:00,0,319
12/02/2020 05:45,0,319
12/02/2020 05:30,0,319
12/02/2020 05:15,0,319
12/02/2020 05:00,0,319
12/02/2020 04:45,0,319
12/02/2020 04:30,0,319
12/02/2020 04:15,0,318
12/02/2020 04:00,0,318
12/02/2020 03:45,0,318
12/02/2020 03:30,0,319
12/02/2020 03:15,0,319
12/02/2020 03:00,0,319
12/02/2020 02:45,0,319
12/02/2020 02:30,0,319
12/02/2020 02:15,0,320
12/02/2020 02:00,0,321
12/02/2020 01:45,0,321
12/02/2020 01:30,0,323
12/02/2020 01:15,0,323
12/02/2020 01:00,0,324
12/02/2020 00:45,0,326
12/02/2020 00:30,0,327
12/02/2020 00:15,0,328
12/02/2020 00:00,0,329
11/02/2020 23:45,0,330
11/02/2020 23:30,0,332
11/02/2020 23:15,0,334
11/02/2020 23:00,0,336
11/02/2020 22:45,0,338
11/02/2020 22:30,0,341
11/02/2020 22:15,0,342
11/02/2020 22:00,0,345
11/02/2020 21:45,0,346
11/02/2020 21:30,0,349
11/02/2020 21:15,0,350
11/02/2020 21:00,0,353
11/02/2020 20:45,0.25,355
11/02/2020 20:30,0,356
11/02/2020 20:15,0,357
11/02/2020 20:00,0,359
11/02/2020 19:45,0,360
11/02/2020 19:30,0,360
11/02/2020 19:15,0,360
11/02/2020 19:00,0,361
11/02/2020 18:45,0,362
11/02/2020 18:30,0,361
11/02/2020 18:15,0,361
11/02/2020 18:00,0,361
11/02/2020 17:45,0.25,361
11/02/2020 17:30,0,361
11/02/2020 17:15,0.25,361
11/02/2020 17:00,0,361
11/02/2020 16:45,0,360
11/02/2020 16:30,0.5,361
11/02/2020 16:15,0.5,361
11/02/2020 16:00,0,362
11/02/2020 15:45,0,362
11/02/2020 15:30,0,363
11/02/2020 15:15,0,364
11/02/2020 15:00,0,365
11/02/2020 14:45,0,367
11/02/2020 14:30,0,368
11/02/2020 14:15,0,371
11/02/2020 14:00,0,373
11/02/2020 13:45,0,375
11/02/2020 13:30,0,377
11/02/2020 13:15,0,380
11/02/2020 13:00,0.25,384
11/02/2020 12:45,0,386
11/02/2020 12:30,0,388
11/02/2020 12:15,0.5,391
11/02/2020 12:00,0,395
11/02/2020 11:45,0,396
11/02/2020 11:30,0.5,397
11/02/2020 11:15,0.5,396
11/02/2020 11:00,0.25,396
11/02/2020 10:45,0.5,396
11/02/2020 10:30,0.75,394
11/02/2020 10:15,1.25,391
11/02/2020 10:00,1,389
11/02/2020 09:45,1.25,385
11/02/2020 09:30,1,381
11/02/2020 09:15,2.25,378
11/02/2020 09:00,1.75,373
11/02/2020 08:45,1,369
11/02/2020 08:30,1.25,368
11/02/2020 08:15,1.75,368
11/02/2020 08:00,2,365
11/02/2020 07:45,1,358
11/02/2020 07:30,0.5,352
11/02/2020 07:15,1.75,345
11/02/2020 07:00,5.25,328
11/02/2020 06:45,3.75,319
11/02/2020 06:30,1.75,318
11/02/2020 06:15,1.75,318
11/02/2020 06:00,1.25,320
11/02/2020 05:45,0.25,319
11/02/2020 05:30,0.5,316
11/02/2020 05:15,1,313
11/02/2020 05:00,1.25,312
11/02/2020 04:45,2.5,300
11/02/2020 04:30,8,296
11/02/2020 04:15,0.5,295
11/02/2020 04:00,0,296
11/02/2020 03:45,0,296
11/02/2020 03:30,0,296
11/02/2020 03:15,0,296
11/02/2020 03:00,0.25,297
11/02/2020 02:45,0,298
11/02/2020 02:30,0,299
11/02/2020 02:15,0,300
11/02/2020 02:00,0.25,301
11/02/2020 01:45,1,302
11/02/2020 01:30,0.25,304
11/02/2020 01:15,1.25,305
11/02/2020 01:00,0.25,305
11/02/2020 00:45,0.5,306
11/02/2020 00:30,0,307
11/02/2020 00:15,0.25,307
11/02/2020 00:00,0,307
10/02/2020 23:45,0,307
10/02/2020 23:30,0,307
10/02/2020 23:15,0,306
10/02/2020 23:00,0,306
10/02/2020 22:45,0,305
10/02/2020 22:30,0,304
10/02/2020 22:15,0.25,303
10/02/2020 22:00,0.25,303
10/02/2020 21:45,0,303
10/02/2020 21:30,0,304
10/02/2020 21:15,0,305
10/02/2020 21:00,0,306
10/02/2020 20:45,0,307
10/02/2020 20:30,0,308
10/02/2020 20:15,0,309
10/02/2020 20:00,0,311
10/02/2020 19:45,0,313
10/02/2020 19:30,0.25,314
10/02/2020 19:15,0.25,316
10/02/2020 19:00,0,316
10/02/2020 18:45,0,312
10/02/2020 18:30,0,306
10/02/2020 18:15,0,302
10/02/2020 18:00,0,296
10/02/2020 17:45,0.5,290
10/02/2020 17:30,0.75,285
10/02/2020 17:15,0.75,280
10/02/2020 17:00,2.25,275
10/02/2020 16:45,1.5,269
10/02/2020 16:30,3.5,266
10/02/2020 16:15,2.25,264
10/02/2020 16:00,0.25,263
10/02/2020 15:45,0,262
10/02/2020 15:30,0,261
10/02/2020 15:15,0.25,260
10/02/2020 15:00,0,260
10/02/2020 14:45,0.5,259
10/02/2020 14:30,1.5,258
10/02/2020 14:15,0,258
10/02/2020 14:00,0.25,258
10/02/2020 13:45,1.25,257
10/02/2020 13:30,0.75,256
10/02/2020 13:15,0.25,256
10/02/2020 13:00,0,255
10/02/2020 12:45,0.5,255
10/02/2020 12:30,0.25,255
10/02/2020 12:15,0,254
10/02/2020 12:00,0.25,254
10/02/2020 11:45,0.5,254
10/02/2020 11:30,0.5,254
10/02/2020 11:15,1,254
10/02/2020 11:00,0,253
10/02/2020 10:45,0.5,253
10/02/2020 10:30,0,253
10/02/2020 10:15,0,253
10/02/2020 10:00,0,253
10/02/2020 09:45,0,253
10/02/2020 09:30,0,253
10/02/2020 09:15,0.5,253
10/02/2020 09:00,0,252
10/02/2020 08:45,0.5,252
10/02/2020 08:30,0,252
10/02/2020 08:15,0,252
10/02/2020 08:00,0,252
10/02/2020 07:45,0,252
10/02/2020 07:30,0,252
10/02/2020 07:15,0,252
10/02/2020 07:00,0.25,252
10/02/2020 06:45,0.75,252
10/02/2020 06:30,0.75,252
10/02/2020 06:15,0,252
10/02/2020 06:00,0,252
10/02/2020 05:45,0.25,251
10/02/2020 05:30,1,251
10/02/2020 05:15,0.25,251
10/02/2020 05:00,0,251
10/02/2020 04:45,0,251
10/02/2020 04:30,0,251
10/02/2020 04:15,0,251
10/02/2020 04:00,0,251
10/02/2020 03:45,0.25,251
10/02/2020 03:30,0,251
10/02/2020 03:15,0,251
10/02/2020 03:00,0,251
10/02/2020 02:45,0,251
10/02/2020 02:30,0,251
10/02/2020 02:15,0,251
10/02/2020 02:00,0,252
10/02/2020 01:45,0,252
10/02/2020 01:30,0,252
10/02/2020 01:15,0,252
10/02/2020 01:00,0,252
10/02/2020 00:45,0,252
10/02/2020 00:30,0,252
10/02/2020 00:15,0,252
10/02/2020 00:00,0,252
09/02/2020 23:45,0,252
09/02/2020 23:30,0,252
09/02/2020 23:15,0,252
09/02/2020 23:00,0,252
09/02/2020 22:45,0,252
09/02/2020 22:30,0,252
09/02/2020 22:15,0,252
09/02/2020 22:00,0,252
09/02/2020 21:45,0,252
09/02/2020 21:30,0.25,252
09/02/2020 21:15,0,252
09/02/2020 21:00,0,252
09/02/2020 20:45,0.25,252
09/02/2020 20:30,0,252
09/02/2020 20:15,0,252
09/02/2020 20:00,0,252
09/02/2020 19:45,0,252
09/02/2020 19:30,0,252
09/02/2020 19:15,0,252
09/02/2020 19:00,0,252
09/02/2020 18:45,0,252
09/02/2020 18:30,0,252
09/02/2020 18:15,0,252
09/02/2020 18:00,0,252
09/02/2020 17:45,0,253
09/02/2020 17:30,0,253
09/02/2020 17:15,0,253
09/02/2020 17:00,0,253
09/02/2020 16:45,0,253
09/02/2020 16:30,0,253
09/02/2020 16:15,0,252
09/02/2020 16:00,0,252
09/02/2020 15:45,0,252
09/02/2020 15:30,0,252
09/02/2020 15:15,0,253
09/02/2020 15:00,0,252
09/02/2020 14:45,0,252
09/02/2020 14:30,0,252
09/02/2020 14:15,0,252
09/02/2020 14:00,0,253
09/02/2020 13:45,0,252
09/02/2020 13:30,0,252
09/02/2020 13:15,0,252
09/02/2020 13:00,0.75,252
09/02/2020 12:45,0.25,252
09/02/2020 12:30,0,252
09/02/2020 12:15,0,252
09/02/2020 12:00,0,252
09/02/2020 11:45,0,252
09/02/2020 11:30,0,252
09/02/2020 11:15,0.25,252
09/02/2020 11:00,0.25,252
09/02/2020 10:45,0,252
09/02/2020 10:30,0,252
09/02/2020 10:15,0,252
09/02/2020 10:00,0,252
09/02/2020 09:45,0,252
09/02/2020 09:30,0,252
09/02/2020 09:15,0,252
09/02/2020 09:00,0,252
09/02/2020 08:45,0,252
09/02/2020 08:30,0,252
09/02/2020 08:15,0,252
09/02/2020 08:00,0,252
09/02/2020 07:45,0,252
09/02/2020 07:30,0,252
09/02/2020 07:15,0,252
09/02/2020 07:00,0,252
09/02/2020 06:45,0,252
09/02/2020 06:30,0,252
09/02/2020 06:15,0,252
09/02/2020 06:00,0,252
09/02/2020 05:45,0,252
09/02/2020 05:30,0,252
09/02/2020 05:15,0,253
09/02/2020 05:00,0,253
09/02/2020 04:45,0,253
09/02/2020 04:30,0,253
09/02/2020 04:15,0,253
09/02/2020 04:00,0,253
09/02/2020 03:45,0,253
09/02/2020 03:30,0,253
09/02/2020 03:15,0,253
09/02/2020 03:00,0,253
09/02/2020 02:45,0,252
09/02/2020 02:30,0,252
09/02/2020 02:15,0,252
09/02/2020 02:00,0,252
09/02/2020 01:45,0,252
09/02/2020 01:30,0,252
09/02/2020 01:15,0,252
09/02/2020 01:00,0,252
09/02/2020 00:45,0,252
09/02/2020 00:30,0,252
09/02/2020 00:15,0,252
09/02/2020 00:00,0,252
08/02/2020 23:45,0,252
08/02/2020 23:30,0,252
08/02/2020 23:15,0,252
08/02/2020 23:00,0,253
08/02/2020 22:45,0,253
08/02/2020 22:30,0,253
08/02/2020 22:15,0,253
08/02/2020 22:00,0,253
08/02/2020 21:45,0,253
08/02/2020 21:30,0,253
08/02/2020 21:15,0,253
08/02/2020 21:00,0,253
08/02/2020 20:45,0,254
08/02/2020 20:30,0,254
08/02/2020 20:15,0,254
08/02/2020 20:00,0,254
08/02/2020 19:45,0,254
08/02/2020 19:30,0,254
08/02/2020 19:15,0,254
08/02/2020 19:00,0,254
08/02/2020 18:45,0,254
08/02/2020 18:30,0,254
08/02/2020 18:15,0,254
08/02/2020 18:00,0,254
08/02/2020 17:45,0,254
08/02/2020 17:30,0,254
08/02/2020 17:15,0,254
08/02/2020 17:00,0,254
08/02/2020 16:45,0,254
08/02/2020 16:30,0,254
08/02/2020 16:15,0,255
08/02/2020 16:00,0,254
08/02/2020 15:45,0,255
08/02/2020 15:30,0,255
08/02/2020 15:15,0,255
08/02/2020 15:00,0,255
08/02/2020 14:45,0,255
08/02/2020 14:30,0,255
08/02/2020 14:15,0,255
08/02/2020 14:00,0,255
08/02/2020 13:45,0,255
08/02/2020 13:30,0,255
08/02/2020 13:15,0,255
08/02/2020 13:00,0,255
08/02/2020 12:45,0,255
08/02/2020 12:30,0,255
08/02/2020 12:15,0,255
08/02/2020 12:00,0,255
08/02/2020 11:45,0,255
08/02/2020 11:30,0,255
08/02/2020 11:15,0,255
08/02/2020 11:00,0,255
08/02/2020 10:45,0,255
08/02/2020 10:30,0,255
08/02/2020 10:15,0,255
08/02/2020 10:00,0,255
08/02/2020 09:45,0,255
08/02/2020 09:30,0,255
08/02/2020 09:15,0,255
08/02/2020 09:00,0,255
08/02/2020 08:45,0,255
08/02/2020 08:30,0,255
08/02/2020 08:15,0,255
08/02/2020 08:00,0,255
08/02/2020 07:45,0,255
08/02/2020 07:30,0,255
08/02/2020 07:15,0,255
08/02/2020 07:00,0,255
08/02/2020 06:45,0,255
08/02/2020 06:30,0,255
08/02/2020 06:15,0,255
08/02/2020 06:00,0,255
08/02/2020 05:45,0,255
08/02/2020 05:30,0,255
08/02/2020 05:15,0,255
08/02/2020 05:00,0,256
08/02/2020 04:45,0,255
08/02/2020 04:30,0,256
08/02/2020 04:15,0,256
08/02/2020 04:00,0,256
08/02/2020 03:45,0,256
08/02/2020 03:30,0,256
08/02/2020 03:15,0,256
08/02/2020 03:00,0,256
08/02/2020 02:45,0,256
08/02/2020 02:30,0,256
08/02/2020 02:15,0,256
08/02/2020 02:00,0,256
08/02/2020 01:45,0,256
08/02/2020 01:30,0,256
08/02/2020 01:15,0,257
08/02/2020 01:00,0,256
08/02/2020 00:45,0,257
08/02/2020 00:30,0,257
08/02/2020 00:15,0,257
08/02/2020 00:00,0,257
07/02/2020 23:45,0,257
07/02/2020 23:30,0,257
07/02/2020 23:15,0,257
07/02/2020 23:00,0,257
07/02/2020 22:45,0,257
07/02/2020 22:30,0,257
07/02/2020 22:15,0,258
07/02/2020 22:00,0,258
07/02/2020 21:45,0,258
07/02/2020 21:30,0,258
07/02/2020 21:15,0,258
07/02/2020 21:00,0,258
07/02/2020 20:45,0,258
07/02/2020 20:30,0,258
07/02/2020 20:15,0,258
07/02/2020 20:00,0,258
07/02/2020 19:45,0,259
07/02/2020 19:30,0,259
07/02/2020 19:15,0,259
07/02/2020 19:00,0,259
07/02/2020 18:45,0,259
07/02/2020 18:30,0,259
07/02/2020 18:15,0,259
07/02/2020 18:00,0,259
07/02/2020 17:45,0,259
07/02/2020 17:30,0,259
07/02/2020 17:15,0.75,259
07/02/2020 17:00,0.75,259
07/02/2020 16:45,0,259
07/02/2020 16:30,0,259
07/02/2020 16:15,0,259
07/02/2020 16:00,0,259
07/02/2020 15:45,0,259
07/02/2020 15:30,0,260
07/02/2020 15:15,0,260
07/02/2020 15:00,0,260
07/02/2020 14:45,0,260
07/02/2020 14:30,0,260
07/02/2020 14:15,0,260
07/02/2020 14:00,0,260
07/02/2020 13:45,0,260
07/02/2020 13:30,0,260
07/02/2020 13:15,0,260
07/02/2020 13:00,0,260
07/02/2020 12:45,0,261
07/02/2020 12:30,0,261
07/02/2020 12:15,0,261
07/02/2020 12:00,0,261
07/02/2020 11:45,0,261
07/02/2020 11:30,0,261
07/02/2020 11:15,0,261
07/02/2020 11:00,0,261
07/02/2020 10:45,0,261
07/02/2020 10:30,0,262
07/02/2020 10:15,0.25,262
07/02/2020 10:00,0,262
07/02/2020 09:45,0,262
07/02/2020 09:30,0,262
07/02/2020 09:15,0,262
07/02/2020 09:00,0,262
07/02/2020 08:45,0,262
07/02/2020 08:30,0,262
07/02/2020 08:15,0,262
07/02/2020 08:00,0,262
07/02/2020 07:45,0,262
07/02/2020 07:30,0,263
07/02/2020 07:15,0,263
07/02/2020 07:00,0,263
07/02/2020 06:45,0,263
07/02/2020 06:30,0,263
07/02/2020 06:15,0,264
07/02/2020 06:00,0,264
07/02/2020 05:45,0,264
07/02/2020 05:30,0,264
07/02/2020 05:15,0,264
07/02/2020 05:00,0,265
07/02/2020 04:45,0,265
07/02/2020 04:30,0,265
07/02/2020 04:15,0,265
07/02/2020 04:00,0,265
07/02/2020 03:45,0,266
07/02/2020 03:30,0,266
07/02/2020 03:15,0,266
07/02/2020 03:00,0,267
07/02/2020 02:45,0,267
07/02/2020 02:30,0,268
07/02/2020 02:15,0,268
07/02/2020 02:00,0,269
07/02/2020 01:45,0,269
07/02/2020 01:30,0,269
07/02/2020 01:15,0,270
07/02/2020 01:00,0,270
07/02/2020 00:45,0.25,271
07/02/2020 00:30,0,272
07/02/2020 00:15,0,272
07/02/2020 00:00,0,272
06/02/2020 23:45,0,272
06/02/2020 23:30,0,273
06/02/2020 23:15,0,272
06/02/2020 23:00,0,272
06/02/2020 22:45,0,272
06/02/2020 22:30,0,271
06/02/2020 22:15,0,271
06/02/2020 22:00,0,271
06/02/2020 21:45,0,271
06/02/2020 21:30,0,271
06/02/2020 21:15,0,272
06/02/2020 21:00,0,272
06/02/2020 20:45,0,272
06/02/2020 20:30,0,272
06/02/2020 20:15,0,272
06/02/2020 20:00,0,272
06/02/2020 19:45,0,272
06/02/2020 19:30,0,272
06/02/2020 19:15,0,272
06/02/2020 19:00,0,273
06/02/2020 18:45,0,273
06/02/2020 18:30,0,272
06/02/2020 18:15,0,272
06/02/2020 18:00,0,271
06/02/2020 17:45,0,270
06/02/2020 17:30,0,270
06/02/2020 17:15,0,270
06/02/2020 17:00,0,269
06/02/2020 16:45,0,269
06/02/2020 16:30,0,269
06/02/2020 16:15,0,270
06/02/2020 16:00,0,270
06/02/2020 15:45,0,271
06/02/2020 15:30,0,271
06/02/2020 15:15,0,272
06/02/2020 15:00,0,272
06/02/2020 14:45,0,273
06/02/2020 14:30,0,273
06/02/2020 14:15,0,274
06/02/2020 14:00,0,275
06/02/2020 13:45,0.25,275
06/02/2020 13:30,0,276
06/02/2020 13:15,0,277
06/02/2020 13:00,0,277
06/02/2020 12:45,0,278
06/02/2020 12:30,0,278
06/02/2020 12:15,0,278
06/02/2020 12:00,0,279
06/02/2020 11:45,0,279
06/02/2020 11:30,0,279
06/02/2020 11:15,0,279
06/02/2020 11:00,0,278
06/02/2020 10:45,0,277
06/02/2020 10:30,0,277
06/02/2020 10:15,0,276
06/02/2020 10:00,0,276
06/02/2020 09:45,0.25,274
06/02/2020 09:30,0,274
06/02/2020 09:15,0,273
06/02/2020 09:00,0,273
06/02/2020 08:45,0,273
06/02/2020 08:30,0,272
06/02/2020 08:15,0,273
06/02/2020 08:00,0,273
06/02/2020 07:45,0,273
06/02/2020 07:30,0,274
06/02/2020 07:15,0,274
06/02/2020 07:00,0,274
06/02/2020 06:45,0,275
06/02/2020 06:30,0.25,275
06/02/2020 06:15,0,275
06/02/2020 06:00,0,275
06/02/2020 05:45,0,273
06/02/2020 05:30,0,272
06/02/2020 05:15,0,270
06/02/2020 05:00,0,269
06/02/2020 04:45,0.25,269
06/02/2020 04:30,0.5,268
06/02/2020 04:15,0.25,268
06/02/2020 04:00,0.25,267
06/02/2020 03:45,0.25,266
06/02/2020 03:30,0.25,265
06/02/2020 03:15,2,264
06/02/2020 03:00,0,263
06/02/2020 02:45,0.25,262
06/02/2020 02:30,0,261
06/02/2020 02:15,0,260
06/02/2020 02:00,0,259
06/02/2020 01:45,0,259
06/02/2020 01:30,0,259
06/02/2020 01:15,0.25,259
06/02/2020 01:00,0,259
06/02/2020 00:45,0.25,259
06/02/2020 00:30,1,259
06/02/2020 00:15,0.25,260
06/02/2020 00:00,0,260
05/02/2020 23:45,0,260
05/02/2020 23:30,0.25,260
05/02/2020 23:15,0,261
05/02/2020 23:00,0,261
05/02/2020 22:45,0,261
05/02/2020 22:30,0,261
05/02/2020 22:15,0,260
05/02/2020 22:00,0,259
05/02/2020 21:45,0,259
05/02/2020 21:30,0,259
05/02/2020 21:15,0,259
05/02/2020 21:00,0,259
05/02/2020 20:45,0,259
05/02/2020 20:30,0,259
05/02/2020 20:15,0.25,260
05/02/2020 20:00,1,260
05/02/2020 19:45,0,260
05/02/2020 19:30,0,260
05/02/2020 19:15,0,260
05/02/2020 19:00,0,260
05/02/2020 18:45,0,260
05/02/2020 18:30,0,260
05/02/2020 18:15,0,260
05/02/2020 18:00,0,260
05/02/2020 17:45,0,260
05/02/2020 17:30,0,260
05/02/2020 17:15,0,260
05/02/2020 17:00,0,260
05/02/2020 16:45,0,260
05/02/2020 16:30,0,261
05/02/2020 16:15,0,261
05/02/2020 16:00,0,261
05/02/2020 15:45,0,261
05/02/2020 15:30,0,261
05/02/2020 15:15,0,261
05/02/2020 15:00,0,262
05/02/2020 14:45,0,262
05/02/2020 14:30,0,262
05/02/2020 14:15,0,262
05/02/2020 14:00,0,262
05/02/2020 13:45,0,262
05/02/2020 13:30,0,262
05/02/2020 13:15,0,262
05/02/2020 13:00,0,263
05/02/2020 12:45,0,263
05/02/2020 12:30,0,263
05/02/2020 12:15,0,263
05/02/2020 12:00,0,264
05/02/2020 11:45,0,264
05/02/2020 11:30,0.25,264
05/02/2020 11:15,0.25,264
05/02/2020 11:00,0.25,264
05/02/2020 10:45,0,264
05/02/2020 10:30,0,265
05/02/2020 10:15,0.25,265
05/02/2020 10:00,0,265
05/02/2020 09:45,0,266
05/02/2020 09:30,0,266
05/02/2020 09:15,0.5,267
05/02/2020 09:00,0.75,267
05/02/2020 08:45,0.5,267
05/02/2020 08:30,0.75,268
05/02/2020 08:15,0,268
05/02/2020 08:00,0,269
05/02/2020 07:45,0,269
05/02/2020 07:30,0,270
05/02/2020 07:15,0,270
05/02/2020 07:00,0,271
05/02/2020 06:45,0,271
05/02/2020 06:30,0.25,271
05/02/2020 06:15,0,271
05/02/2020 06:00,0,272
05/02/2020 05:45,0,271
05/02/2020 05:30,0,271
05/02/2020 05:15,0,271
05/02/2020 05:00,0,271
05/02/2020 04:45,0,270
05/02/2020 04:30,0,269
05/02/2020 04:15,0,269
05/02/2020 04:00,0,269
05/02/2020 03:45,0,268
05/02/2020 03:30,0,268
05/02/2020 03:15,0,269
05/02/2020 03:00,0,269
05/02/2020 02:45,0,269
05/02/2020 02:30,0,270
05/02/2020 02:15,0,271
05/02/2020 02:00,0,272
05/02/2020 01:45,0,273
05/02/2020 01:30,0,275
05/02/2020 01:15,0,277
05/02/2020 01:00,0,279
05/02/2020 00:45,0,282
05/02/2020 00:30,0,284
05/02/2020 00:15,0,287
05/02/2020 00:00,0,289
04/02/2020 23:45,0,289
04/02/2020 23:30,0,287
04/02/2020 23:15,0,288
04/02/2020 23:00,0,292
04/02/2020 22:45,0,295
04/02/2020 22:30,0,295
04/02/2020 22:15,0.25,289
04/02/2020 22:00,0.75,285
04/02/2020 21:45,0.75,286
04/02/2020 21:30,1,279
04/02/2020 21:15,4.5,266
04/02/2020 21:00,11,261
04/02/2020 20:45,0.25,259
04/02/2020 20:30,0.25,259
04/02/2020 20:15,0,259
04/02/2020 20:00,0,259
04/02/2020 19:45,0,259
04/02/2020 19:30,0,260
04/02/2020 19:15,0,260
04/02/2020 19:00,0,260
04/02/2020 18:45,0,261
04/02/2020 18:30,0,261
04/02/2020 18:15,0,261
04/02/2020 18:00,0,261
04/02/2020 17:45,0,261
04/02/2020 17:30,0,262
04/02/2020 17:15,0,262
04/02/2020 17:00,0,262
04/02/2020 16:45,0,262
04/02/2020 16:30,0,263
04/02/2020 16:15,0,263
04/02/2020 16:00,0,264
04/02/2020 15:45,0,264
04/02/2020 15:30,0,264
04/02/2020 15:15,0,265
04/02/2020 15:00,0,265
04/02/2020 14:45,0,265
04/02/2020 14:30,0,265
04/02/2020 14:15,0,266
04/02/2020 14:00,0,266
04/02/2020 13:45,0,266
04/02/2020 13:30,0,267
04/02/2020 13:15,0,267
04/02/2020 13:00,0,268
04/02/2020 12:45,0,269
04/02/2020 12:30,0,269
04/02/2020 12:15,0,270
04/02/2020 12:00,0,270
04/02/2020 11:45,0,271
04/02/2020 11:30,0,272
04/02/2020 11:15,0,272
04/02/2020 11:00,0,273
04/02/2020 10:45,0,274
04/02/2020 10:30,0,276
04/02/2020 10:15,0,277
04/02/2020 10:00,0,278
04/02/2020 09:45,0,279
04/02/2020 09:30,0,280
04/02/2020 09:15,0,282
04/02/2020 09:00,0,283
04/02/2020 08:45,0,284
04/02/2020 08:30,0,286
04/02/2020 08:15,0,287
04/02/2020 08:00,0,288
04/02/2020 07:45,0,290
04/02/2020 07:30,0,291
04/02/2020 07:15,0.25,293
04/02/2020 07:00,0,294
04/02/2020 06:45,0,294
04/02/2020 06:30,0,296
04/02/2020 06:15,0,296
04/02/2020 06:00,0,297
04/02/2020 05:45,0,297
04/02/2020 05:30,0,297
04/02/2020 05:15,0,297
04/02/2020 05:00,0,297
04/02/2020 04:45,0,296
04/02/2020 04:30,0,296
04/02/2020 04:15,0,297
04/02/2020 04:00,0,298
04/02/2020 03:45,0,299
04/02/2020 03:30,0,301
04/02/2020 03:15,0,302
04/02/2020 03:00,0,305
04/02/2020 02:45,0,306
04/02/2020 02:30,0,308
04/02/2020 02:15,0,309
04/02/2020 02:00,0,312
04/02/2020 01:45,0,315
04/02/2020 01:30,0,320
04/02/2020 01:15,0,327
04/02/2020 01:00,0,331
04/02/2020 00:45,0,331
04/02/2020 00:30,0,325
04/02/2020 00:15,0.25,320
04/02/2020 00:00,1,318
03/02/2020 23:45,0.5,308
03/02/2020 23:30,4,283
03/02/2020 23:15,2,275
03/02/2020 23:00,1,272
03/02/2020 22:45,1.5,274
03/02/2020 22:30,0,263
03/02/2020 22:15,6.25,256
03/02/2020 22:00,8.5,252
03/02/2020 21:45,0,251
03/02/2020 21:30,0,251
03/02/2020 21:15,0,252
03/02/2020 21:00,0,252
03/02/2020 20:45,0,252
03/02/2020 20:30,0,252
03/02/2020 20:15,0,252
03/02/2020 20:00,0,252
03/02/2020 19:45,0,252
03/02/2020 19:30,0,253
03/02/2020 19:15,0,253
03/02/2020 19:00,0,253
03/02/2020 18:45,0,253
03/02/2020 18:30,0,253
03/02/2020 18:15,0,254
03/02/2020 18:00,0,254
03/02/2020 17:45,0,254
03/02/2020 17:30,0,254
03/02/2020 17:15,0,254
03/02/2020 17:00,0,254
03/02/2020 16:45,0,255
03/02/2020 16:30,0,255
03/02/2020 16:15,0,255
03/02/2020 16:00,0,256
03/02/2020 15:45,0,256
03/02/2020 15:30,0,256
03/02/2020 15:15,0,257
03/02/2020 15:00,0,257
03/02/2020 14:45,0,257
03/02/2020 14:30,0,258
03/02/2020 14:15,0,258
03/02/2020 14:00,0,258
03/02/2020 13:45,0,258
03/02/2020 13:30,0,258
03/02/2020 13:15,0,258
03/02/2020 13:00,0,258
03/02/2020 12:45,0,258
03/02/2020 12:30,0,258
03/02/2020 12:15,0,257
03/02/2020 12:00,0,256
03/02/2020 11:45,0,256
03/02/2020 11:30,0,255
03/02/2020 11:15,0,254
03/02/2020 11:00,0,254
03/02/2020 10:45,0,253
03/02/2020 10:30,0,253
03/02/2020 10:15,0,253
03/02/2020 10:00,0,253
03/02/2020 09:45,0,253
03/02/2020 09:30,0,253
03/02/2020 09:15,0,253
03/02/2020 09:00,0,253
03/02/2020 08:45,0,254
03/02/2020 08:30,0,254
03/02/2020 08:15,0,254
03/02/2020 08:00,0,255
03/02/2020 07:45,0,255
03/02/2020 07:30,0,255
03/02/2020 07:15,0,254
03/02/2020 07:00,0,253
03/02/2020 06:45,0,252
03/02/2020 06:30,0,251
03/02/2020 06:15,0,251
03/02/2020 06:00,0,251
03/02/2020 05:45,0,251
03/02/2020 05:30,0,251
03/02/2020 05:15,0,251
03/02/2020 05:00,0.5,251
03/02/2020 04:45,1,251
03/02/2020 04:30,1.25,251
03/02/2020 04:15,2.25,250
03/02/2020 04:00,0,250
03/02/2020 03:45,0,250
03/02/2020 03:30,0,250
03/02/2020 03:15,0,250
03/02/2020 03:00,0,250
03/02/2020 02:45,0,250
03/02/2020 02:30,0,250
03/02/2020 02:15,0,251
03/02/2020 02:00,0,251
03/02/2020 01:45,0,251
03/02/2020 01:30,0,251
03/02/2020 01:15,0,251
03/02/2020 01:00,0,251
03/02/2020 00:45,0,251
03/02/2020 00:30,0,251
03/02/2020 00:15,0,251
03/02/2020 00:00,0,251
02/02/2020 23:45,0,251
02/02/2020 23:30,0,251
02/02/2020 23:15,0,252
02/02/2020 23:00,0,252
02/02/2020 22:45,0,252
02/02/2020 22:30,0,252
02/02/2020 22:15,0,252
02/02/2020 22:00,0,252
02/02/2020 21:45,0,253
02/02/2020 21:30,0,253
02/02/2020 21:15,0,253
02/02/2020 21:00,0,253
02/02/2020 20:45,0,254
02/02/2020 20:30,0,254
02/02/2020 20:15,0,254
02/02/2020 20:00,0,254
02/02/2020 19:45,0,254
02/02/2020 19:30,0,254
02/02/2020 19:15,0,254
02/02/2020 19:00,0,255
02/02/2020 18:45,0,255
02/02/2020 18:30,0,255
02/02/2020 18:15,0,255
02/02/2020 18:00,0,255
02/02/2020 17:45,0,256
02/02/2020 17:30,0,256
02/02/2020 17:15,0,256
02/02/2020 17:00,0,256
02/02/2020 16:45,0,256
02/02/2020 16:30,0,257
02/02/2020 16:15,0,257
02/02/2020 16:00,0,257
02/02/2020 15:45,0,257
02/02/2020 15:30,0,258
02/02/2020 15:15,0,258
02/02/2020 15:00,0,258
02/02/2020 14:45,0,258
02/02/2020 14:30,0,258
02/02/2020 14:15,0,258
02/02/2020 14:00,0,259
02/02/2020 13:45,0,259
02/02/2020 13:30,0,259
02/02/2020 13:15,0,259
02/02/2020 13:00,0,259
02/02/2020 12:45,0,260
02/02/2020 12:30,0,260
02/02/2020 12:15,0,260
02/02/2020 12:00,0,260
02/02/2020 11:45,0,261
02/02/2020 11:30,0,261
02/02/2020 11:15,0,261
02/02/2020 11:00,0,262
02/02/2020 10:45,0,262
02/02/2020 10:30,0,262
02/02/2020 10:15,0,263
02/02/2020 10:00,0,263
02/02/2020 09:45,0,264
02/02/2020 09:30,0,265
02/02/2020 09:15,0,265
02/02/2020 09:00,0,265
02/02/2020 08:45,0,266
02/02/2020 08:30,0,266
02/02/2020 08:15,0,267
02/02/2020 08:00,0,267
02/02/2020 07:45,0,268
02/02/2020 07:30,0,268
02/02/2020 07:15,0,268
02/02/2020 07:00,0,269
02/02/2020 06:45,0.25,269
02/02/2020 06:30,0,269
02/02/2020 06:15,0,269
02/02/2020 06:00,0,269
02/02/2020 05:45,0,269
02/02/2020 05:30,0,269
02/02/2020 05:15,0,269
02/02/2020 05:00,0.25,269
02/02/2020 04:45,0.25,269
02/02/2020 04:30,0.25,269
02/02/2020 04:15,0,269
02/02/2020 04:00,0,269
02/02/2020 03:45,0,269
02/02/2020 03:30,0,269
02/02/2020 03:15,0,270
02/02/2020 03:00,0,271
02/02/2020 02:45,0,271
02/02/2020 02:30,0.25,272
02/02/2020 02:15,0,272
02/02/2020 02:00,0,273
02/02/2020 01:45,0,273
02/02/2020 01:30,0,274
02/02/2020 01:15,0,274
02/02/2020 01:00,0,275
02/02/2020 00:45,0,276
02/02/2020 00:30,0.25,276
02/02/2020 00:15,0.25,276
02/02/2020 00:00,0.25,276
