Data,Chuva-Itajuba ,Nível-Itajuba,Chuva -Maria,Nível-Maria,Chuva-Wenceslau,Nível-Wenceslau,Chuva -Delfim1,Nível-Delfim1,Chuva-Delfim2 ,Nível-Delfim2
2020-02-21 23:45:00,0.0,116,,,,,,,0.0,278
2020-02-21 23:30:00,0.0,116,,89350.0,,,,,0.0,279
2020-02-21 23:15:00,0.0,116,,,,,,,0.0,280
2020-02-21 23:00:00,0.0,116,0.0,89349.0,0.0,69.0,,,0.0,280
2020-02-21 22:45:00,0.0,116,,,,,,,0.0,281
2020-02-21 22:30:00,0.0,115,,89349.0,,,,,0.0,282
2020-02-21 22:15:00,0.0,115,,,,,,,0.0,282
2020-02-21 22:00:00,0.2,115,0.0,89349.0,0.0,69.0,,,0.0,283
2020-02-21 21:45:00,0.0,114,,,,,,,0.0,283
2020-02-21 21:30:00,0.2,113,,89349.0,,,,,0.25,284
2020-02-21 21:15:00,0.8,113,,,,,,,1.0,283
2020-02-21 21:00:00,4.8,113,0.0,89348.0,2.0,71.0,,,0.75,283
2020-02-21 20:45:00,3.2,109,,,,,,,0.0,282
2020-02-21 20:30:00,0.0,109,,89347.0,,,,,0.0,282
2020-02-21 20:15:00,0.0,108,,,,,,,0.0,281
2020-02-21 20:00:00,0.0,107,0.0,89348.0,0.0,71.0,,,0.0,280
2020-02-21 19:45:00,0.0,106,,,,,,,0.0,278
2020-02-21 19:30:00,0.0,106,,89348.0,,,,,0.0,277
2020-02-21 19:15:00,0.0,105,,,,,,,0.0,276
2020-02-21 19:00:00,0.0,105,0.0,89348.0,0.0,68.0,,,0.0,275
2020-02-21 18:45:00,0.0,104,,,,,,,0.0,275
2020-02-21 18:30:00,0.0,104,,89348.0,,,,,0.0,274
2020-02-21 18:15:00,0.0,104,,,,,,,0.0,274
2020-02-21 18:00:00,0.0,104,,89348.0,0.0,69.0,,,0.0,273
2020-02-21 17:45:00,0.0,103,,,,,,,0.0,273
2020-02-21 17:30:00,0.0,103,,89347.0,,,,,0.0,274
2020-02-21 17:15:00,0.0,103,,,,,,,0.0,274
2020-02-21 17:00:00,0.0,103,0.0,89347.0,0.0,69.0,,,0.0,275
2020-02-21 16:45:00,0.0,103,,,,,,,0.0,274
2020-02-21 16:30:00,0.0,103,,89347.0,,,,,0.0,272
2020-02-21 16:15:00,0.2,103,,,,,,,0.0,270
2020-02-21 16:00:00,0.2,103,0.0,89347.0,1.0,68.0,,,0.25,270
2020-02-21 15:45:00,0.6,103,,,,,,,0.25,268
2020-02-21 15:30:00,0.4,103,,89347.0,,,,,0.75,266
2020-02-21 15:15:00,0.2,102,,,,,,,0.25,265
2020-02-21 15:00:00,0.0,101,0.0,89347.0,1.0,67.0,,,0.0,265
2020-02-21 14:45:00,0.0,100,,,,,,,0.25,265
2020-02-21 14:30:00,0.0,100,,89347.0,,,,,0.0,265
2020-02-21 14:15:00,0.0,100,,,,,,,0.5,265
2020-02-21 14:00:00,0.2,100,0.0,89348.0,9.0,59.0,,,0.5,78
2020-02-21 13:45:00,1.2,100,,,,,,,0.25,78
2020-02-21 13:30:00,5.0,100,,89348.0,,,,,0.25,78
2020-02-21 13:15:00,0.0,99,,,,,,,0.25,265
2020-02-21 13:00:00,0.0,99,0.0,89348.0,0.0,54.0,,,0.0,265
2020-02-21 12:45:00,0.0,100,,,,,,,0.0,265
2020-02-21 12:30:00,0.0,100,,89345.0,,,,,0.0,265
2020-02-21 12:15:00,0.0,100,,,,,,,0.0,265
2020-02-21 12:00:00,0.0,100,0.0,89348.0,0.0,55.0,,,0.0,265
2020-02-21 11:45:00,0.0,100,,,,,,,0.0,265
2020-02-21 11:30:00,0.0,100,,89349.0,,,,,0.0,265
2020-02-21 11:15:00,0.0,100,,,,,,,0.0,265
2020-02-21 11:00:00,0.0,100,,89353.0,0.0,54.0,,,0.0,265
2020-02-21 10:45:00,0.0,100,,,,,,,0.0,266
2020-02-21 10:30:00,0.0,100,,89353.0,,,,,0.0,266
2020-02-21 10:15:00,0.0,100,,,,,,,0.0,266
2020-02-21 10:00:00,0.0,100,,,0.0,54.0,,,0.0,266
2020-02-21 09:45:00,0.0,100,,,,,,,0.0,266
2020-02-21 09:30:00,0.0,99,,89354.0,,,,,0.0,266
2020-02-21 09:15:00,0.0,99,,,,,,,0.0,266
2020-02-21 09:00:00,0.0,99,0.0,89355.0,0.0,54.0,,,0.0,266
2020-02-21 08:45:00,0.0,98,,,,,,,0.0,266
2020-02-21 08:30:00,0.0,98,,89355.0,,,,,0.0,267
2020-02-21 08:15:00,0.0,98,,,,,,,0.0,267
2020-02-21 08:00:00,0.0,98,0.0,89355.0,0.0,54.0,,,0.0,267
2020-02-21 07:45:00,0.0,97,,,,,,,0.0,268
2020-02-21 07:30:00,0.0,97,,89354.0,,,,,0.0,268
2020-02-21 07:15:00,0.0,97,,,,,,,0.0,268
2020-02-21 07:00:00,0.0,97,0.0,89354.0,0.0,55.0,,,0.0,268
2020-02-21 06:45:00,0.0,97,,,,,,,0.0,269
2020-02-21 06:30:00,0.0,97,,89354.0,,,,,0.0,269
2020-02-21 06:15:00,0.0,97,,,,,,,0.0,269
2020-02-21 06:00:00,0.0,97,0.0,89354.0,0.0,54.0,,,0.0,270
2020-02-21 05:45:00,0.0,97,,,,,,,0.0,270
2020-02-21 05:30:00,0.0,98,,89355.0,,,,,0.0,271
2020-02-21 05:15:00,0.0,97,,,,,,,0.0,271
2020-02-21 05:00:00,0.0,98,0.0,89355.0,0.0,53.0,,,0.0,272
2020-02-21 04:45:00,0.0,98,,,,,,,0.0,273
2020-02-21 04:30:00,0.0,98,,89356.0,,,,,0.0,273
2020-02-21 04:15:00,0.0,98,,,,,,,0.0,274
2020-02-21 04:00:00,0.0,98,0.0,89357.0,0.0,54.0,,,0.0,274
2020-02-21 03:45:00,0.0,98,,,,,,,0.0,274
2020-02-21 03:30:00,0.0,98,,89358.0,,,,,0.0,273
2020-02-21 03:15:00,0.0,98,,,,,,,0.0,272
2020-02-21 03:00:00,0.0,98,0.0,89359.0,0.0,54.0,,,0.0,271
2020-02-21 02:45:00,0.0,98,,,,,,,0.0,269
2020-02-21 02:30:00,0.0,99,,89360.0,,,,,0.0,268
2020-02-21 02:15:00,0.0,99,,,,,,,0.0,266
2020-02-21 02:00:00,0.0,99,0.0,89363.0,0.0,54.0,,,0.0,265
2020-02-21 01:45:00,0.0,99,,,,,,,0.0,264
2020-02-21 01:30:00,0.0,99,,89366.0,,,,,0.0,263
2020-02-21 01:15:00,0.0,99,,,,,,,0.0,263
2020-02-21 01:00:00,0.0,99,0.0,89368.0,0.0,54.0,,,0.0,263
2020-02-21 00:45:00,0.0,100,,,,,,,0.0,264
2020-02-21 00:30:00,0.0,100,,89367.0,,,,,0.0,264
2020-02-21 00:15:00,0.0,100,,,,,,,0.0,264
2020-02-21 00:00:00,0.0,100,0.0,89365.0,0.0,54.0,,,0.0,264
2020-02-20 23:45:00,0.0,100,,,,,,,0.0,264
2020-02-20 23:30:00,0.0,101,,89367.0,,,,,0.0,265
2020-02-20 23:15:00,0.0,101,,,,,,,0.0,265
2020-02-20 23:00:00,0.0,101,0.0,89370.0,0.0,54.0,,,0.0,265
2020-02-20 22:45:00,0.0,101,,,,,,,0.0,265
2020-02-20 22:30:00,0.0,101,,89372.0,,,,,0.0,265
2020-02-20 22:15:00,0.0,101,,,,,,,0.0,265
2020-02-20 22:00:00,0.0,101,0.0,89373.0,0.0,54.0,,,0.0,265
2020-02-20 21:45:00,0.0,102,,,,,,,0.0,265
2020-02-20 21:30:00,0.0,102,,89373.0,,,,,0.0,265
2020-02-20 21:15:00,0.0,102,,,,,,,0.0,265
2020-02-20 21:00:00,0.0,102,0.0,89372.0,0.0,54.0,,,0.0,265
2020-02-20 20:45:00,0.0,102,,,,,,,0.0,264
2020-02-20 20:30:00,0.0,102,,89371.0,,,,,0.0,264
2020-02-20 20:15:00,0.0,102,,,,,,,0.0,264
2020-02-20 20:00:00,0.0,102,0.0,89370.0,0.0,54.0,,,0.0,264
2020-02-20 19:45:00,0.0,102,,,,,,,0.0,264
2020-02-20 19:30:00,0.0,102,,89366.0,,,,,0.0,264
2020-02-20 19:15:00,0.0,103,,,,,,,0.0,265
2020-02-20 19:00:00,0.0,103,0.0,89356.0,0.0,55.0,,,0.0,265
2020-02-20 18:45:00,0.0,103,,,,,,,0.0,265
2020-02-20 18:30:00,0.0,103,,89350.0,,,,,0.0,265
2020-02-20 18:15:00,0.0,104,,,,,,,0.0,265
2020-02-20 18:00:00,0.0,104,0.0,89349.0,0.0,55.0,,,0.0,265
2020-02-20 17:45:00,0.0,104,,,,,,,0.0,265
2020-02-20 17:30:00,0.0,105,,89347.0,,,,,0.0,265
2020-02-20 17:15:00,0.0,105,,,,,,,0.0,265
2020-02-20 17:00:00,0.0,106,0.0,89347.0,0.0,56.0,,,0.0,265
2020-02-20 16:45:00,0.0,106,,,,,,,0.0,265
2020-02-20 16:30:00,0.0,107,,89350.0,,,,,0.0,265
2020-02-20 16:15:00,0.0,108,,,,,,,0.0,265
2020-02-20 16:00:00,0.0,108,0.0,89350.0,1.0,56.0,,,0.0,266
2020-02-20 15:45:00,0.0,108,,,,,,,0.0,266
2020-02-20 15:30:00,0.0,108,,89348.0,,,,,0.0,266
2020-02-20 15:15:00,0.0,108,,,,,,,0.0,266
2020-02-20 15:00:00,0.0,109,0.0,89349.0,0.0,57.0,,,0.0,266
2020-02-20 14:45:00,0.0,109,,,,,,,0.0,266
2020-02-20 14:30:00,0.0,109,,89351.0,,,,,0.0,266
2020-02-20 14:15:00,0.0,109,,,,,,,0.0,266
2020-02-20 14:00:00,0.0,109,0.0,89347.0,0.0,59.0,,,0.0,266
2020-02-20 13:45:00,0.0,109,,,,,,,0.0,267
2020-02-20 13:30:00,0.0,109,,89350.0,,,,,0.0,267
2020-02-20 13:15:00,0.0,109,,,,,,,0.0,267
2020-02-20 13:00:00,0.0,108,0.0,89354.0,0.0,56.0,,,0.0,267
2020-02-20 12:45:00,0.0,108,,,,,,,0.0,267
2020-02-20 12:30:00,0.0,108,,89359.0,,,,,0.0,267
2020-02-20 12:15:00,0.0,107,,,,,,,0.0,267
2020-02-20 12:00:00,0.0,107,0.0,89365.0,0.0,56.0,,,0.0,267
2020-02-20 11:45:00,0.0,107,,,,,,,0.0,267
2020-02-20 11:30:00,0.0,107,,89376.0,,,,,0.0,267
2020-02-20 11:15:00,0.0,107,,,,,,,0.0,268
2020-02-20 11:00:00,0.0,107,0.0,89379.0,0.0,57.0,,,0.0,268
2020-02-20 10:45:00,0.0,107,,,,,,,0.0,268
2020-02-20 10:30:00,0.0,107,,89376.0,,,,,0.0,268
2020-02-20 10:15:00,0.0,107,,,,,,,0.0,268
2020-02-20 10:00:00,0.0,106,0.0,89370.0,0.0,57.0,,,0.0,268
2020-02-20 09:45:00,0.0,107,,,,,,,0.0,269
2020-02-20 09:30:00,0.0,107,,89359.0,,,,,0.0,269
2020-02-20 09:15:00,0.0,107,,,,,,,0.0,269
2020-02-20 09:00:00,0.0,106,0.0,89345.0,0.0,58.0,,,0.0,269
2020-02-20 08:45:00,0.0,106,,,,,,,0.0,269
2020-02-20 08:30:00,0.0,106,,89344.0,,,,,0.0,269
2020-02-20 08:15:00,0.0,106,,,,,,,0.0,270
2020-02-20 08:00:00,0.0,106,0.0,89345.0,0.0,59.0,,,0.0,270
2020-02-20 07:45:00,0.0,106,,,,,,,0.0,270
2020-02-20 07:30:00,0.0,105,,89345.0,,,,,0.0,271
2020-02-20 07:15:00,0.0,105,,,,,,,0.0,271
2020-02-20 07:00:00,0.0,105,0.0,89346.0,0.0,59.0,,,0.0,272
2020-02-20 06:45:00,0.0,104,,,,,,,0.0,272
2020-02-20 06:30:00,0.0,104,,89345.0,,,,,0.0,273
2020-02-20 06:15:00,0.0,104,,,,,,,0.0,273
2020-02-20 06:00:00,0.0,103,0.0,89343.0,0.0,61.0,,,0.0,274
2020-02-20 05:45:00,0.0,103,,,,,,,0.0,274
2020-02-20 05:30:00,0.0,103,,89342.0,,,,,0.0,275
2020-02-20 05:15:00,0.0,103,,,,,,,0.0,276
2020-02-20 05:00:00,0.0,103,0.0,89341.0,0.0,61.0,,,0.0,277
2020-02-20 04:45:00,0.0,103,,,,,,,0.0,278
2020-02-20 04:30:00,0.0,103,,89341.0,,,,,0.0,280
2020-02-20 04:15:00,0.0,103,,,,,,,0.0,280
2020-02-20 04:00:00,0.0,103,0.0,89341.0,0.0,62.0,,,0.0,282
2020-02-20 03:45:00,0.0,103,,,,,,,0.0,283
2020-02-20 03:30:00,0.0,103,,89341.0,,,,,0.0,285
2020-02-20 03:15:00,0.0,103,,,,,,,0.0,286
2020-02-20 03:00:00,0.0,103,0.0,89342.0,0.0,62.0,,,0.0,287
2020-02-20 02:45:00,0.0,102,,,,,,,0.0,288
2020-02-20 02:30:00,0.0,102,,89342.0,,,,,0.0,288
2020-02-20 02:15:00,0.0,103,,,,,,,0.0,287
2020-02-20 02:00:00,0.0,103,0.0,89343.0,0.0,61.0,,,0.0,287
2020-02-20 01:45:00,0.0,103,,,,,,,0.0,285
2020-02-20 01:30:00,0.0,103,,89343.0,,,,,0.0,283
2020-02-20 01:15:00,0.0,103,,,,,,,0.0,281
2020-02-20 01:00:00,0.0,103,0.0,89344.0,0.0,57.0,,,0.0,278
2020-02-20 00:45:00,0.0,103,,,,,,,0.0,275
2020-02-20 00:30:00,0.0,104,,89346.0,,,,,0.0,273
2020-02-20 00:15:00,0.0,104,,,,,,,0.0,272
2020-02-20 00:00:00,0.0,104,0.0,89348.0,0.0,56.0,,,0.0,272
2020-02-19 23:45:00,0.0,104,,,,,,,0.25,272
2020-02-19 23:30:00,0.0,105,,89350.0,,,,,0.0,274
2020-02-19 23:15:00,0.0,105,,,,,,,0.0,275
2020-02-19 23:00:00,0.0,105,0.0,89354.0,0.0,56.0,,,0.0,276
2020-02-19 22:45:00,0.0,106,,,,,,,0.0,277
2020-02-19 22:30:00,0.0,107,,89358.0,,,,,0.0,276
2020-02-19 22:15:00,0.8,107,,,,,,,0.0,274
2020-02-19 22:00:00,0.2,108,0.0,89364.0,0.0,54.0,,,0.0,269
2020-02-19 21:45:00,0.4,109,,,,,,,0.0,266
2020-02-19 21:30:00,0.0,110,,89364.0,,,,,0.0,264
2020-02-19 21:15:00,6.0,111,,,,,,,0.0,263
2020-02-19 21:00:00,8.2,107,0.0,89347.0,4.0,54.0,,,0.0,262
2020-02-19 20:45:00,4.0,102,,,,,,,0.0,262
2020-02-19 20:30:00,0.0,103,,89339.0,,,,,0.25,262
2020-02-19 20:15:00,0.0,102,,,,,,,0.5,262
2020-02-19 20:00:00,0.0,102,0.0,89338.0,1.0,52.0,,,0.5,262
2020-02-19 19:45:00,0.0,102,,,,,,,0.0,262
2020-02-19 19:30:00,0.0,102,,89338.0,,,,,0.0,263
2020-02-19 19:15:00,0.0,103,,,,,,,0.0,263
2020-02-19 19:00:00,0.0,103,0.0,89338.0,0.0,55.0,,,0.0,263
2020-02-19 18:45:00,0.0,103,,,,,,,0.0,263
2020-02-19 18:30:00,0.0,103,,89338.0,,,,,0.0,263
2020-02-19 18:15:00,0.0,103,,,,,,,0.0,263
2020-02-19 18:00:00,0.0,103,0.0,89339.0,0.0,55.0,,,0.0,263
2020-02-19 17:45:00,0.0,103,,,,,,,0.0,263
2020-02-19 17:30:00,0.0,103,,89339.0,,,,,0.0,264
2020-02-19 17:15:00,0.0,103,,,,,,,0.0,264
2020-02-19 17:00:00,0.0,103,0.0,89339.0,0.0,55.0,,,0.0,264
2020-02-19 16:45:00,0.0,104,,,,,,,0.0,264
2020-02-19 16:30:00,0.0,104,,89339.0,,,,,0.0,264
2020-02-19 16:15:00,0.0,104,,,,,,,0.0,264
2020-02-19 16:00:00,0.0,104,0.0,89339.0,0.0,56.0,,,0.0,264
2020-02-19 15:45:00,0.0,104,,,,,,,0.0,264
2020-02-19 15:30:00,0.0,104,,89339.0,,,,,0.0,264
2020-02-19 15:15:00,0.0,104,,,,,,,0.0,264
2020-02-19 15:00:00,0.0,104,0.0,89339.0,0.0,56.0,,,0.0,264
2020-02-19 14:45:00,0.0,104,,,,,,,0.0,264
2020-02-19 14:30:00,0.0,104,,89339.0,,,,,0.0,264
2020-02-19 14:15:00,0.0,104,,,,,,,0.0,264
2020-02-19 14:00:00,0.0,104,0.0,89339.0,0.0,56.0,,,0.0,264
2020-02-19 13:45:00,0.0,104,,,,,,,0.0,264
2020-02-19 13:30:00,0.0,104,,89339.0,,,,,0.0,264
2020-02-19 13:15:00,0.0,104,,,,,,,0.0,264
2020-02-19 13:00:00,0.0,104,0.0,89339.0,0.0,57.0,,,0.0,264
2020-02-19 12:45:00,0.0,104,,,,,,,0.0,264
2020-02-19 12:30:00,0.0,105,,89339.0,,,,,0.0,264
2020-02-19 12:15:00,0.0,105,,,,,,,0.0,264
2020-02-19 12:00:00,0.0,105,0.0,89339.0,0.0,57.0,,,0.0,264
2020-02-19 11:45:00,0.0,105,,,,,,,0.0,264
2020-02-19 11:30:00,0.0,105,,89339.0,,,,,0.0,264
2020-02-19 11:15:00,0.0,105,,,,,,,0.0,264
2020-02-19 11:00:00,0.0,106,0.0,89340.0,0.0,56.0,,,0.0,264
2020-02-19 10:45:00,0.0,106,,,,,,,0.0,264
2020-02-19 10:30:00,0.0,106,,89340.0,,,,,0.0,264
2020-02-19 10:15:00,0.0,106,,,,,,,0.0,264
2020-02-19 10:00:00,0.0,106,0.0,89341.0,0.0,57.0,,,0.0,264
2020-02-19 09:45:00,0.0,106,,,,,,,0.0,264
2020-02-19 09:30:00,0.0,106,,89341.0,,,,,0.0,264
2020-02-19 09:15:00,0.0,106,,,,,,,0.0,264
2020-02-19 09:00:00,0.0,106,0.0,89341.0,0.0,56.0,,,0.0,264
2020-02-19 08:45:00,0.0,106,,,,,,,0.0,264
2020-02-19 08:30:00,0.0,106,,89341.0,,,,,0.0,264
2020-02-19 08:15:00,0.0,107,,,,,,,0.0,265
2020-02-19 08:00:00,0.0,107,0.0,89342.0,0.0,57.0,,,0.0,264
2020-02-19 07:45:00,0.0,107,,,,,,,0.0,264
2020-02-19 07:30:00,0.0,107,,89342.0,,,,,0.0,265
2020-02-19 07:15:00,0.0,107,,,,,,,0.0,265
2020-02-19 07:00:00,0.0,107,0.0,89342.0,0.0,57.0,,,0.0,265
2020-02-19 06:45:00,0.0,107,,,,,,,0.0,265
2020-02-19 06:30:00,0.0,107,,89342.0,,,,,0.0,265
2020-02-19 06:15:00,0.0,107,,,,,,,0.0,265
2020-02-19 06:00:00,0.0,107,0.0,89342.0,0.0,57.0,,,0.0,265
2020-02-19 05:45:00,0.0,107,,,,,,,0.0,265
2020-02-19 05:30:00,0.0,107,,89342.0,,,,,0.0,265
2020-02-19 05:15:00,0.0,107,,,,,,,0.0,265
2020-02-19 05:00:00,0.0,107,0.0,89341.0,0.0,57.0,,,0.0,265
2020-02-19 04:45:00,0.0,107,,,,,,,0.0,265
2020-02-19 04:30:00,0.0,107,,89341.0,,,,,0.0,265
2020-02-19 04:15:00,0.0,107,,,,,,,0.0,265
2020-02-19 04:00:00,0.0,107,0.0,89341.0,0.0,58.0,,,0.0,265
2020-02-19 03:45:00,0.0,107,,,,,,,0.0,265
2020-02-19 03:30:00,0.0,107,,89341.0,,,,,0.0,266
2020-02-19 03:15:00,0.0,107,,,,,,,0.0,266
2020-02-19 03:00:00,0.0,107,0.0,89342.0,0.0,58.0,,,0.0,266
2020-02-19 02:45:00,0.0,107,,,,,,,0.0,266
2020-02-19 02:30:00,0.0,107,,89342.0,,,,,0.0,266
2020-02-19 02:15:00,0.0,107,,,,,,,0.0,266
2020-02-19 02:00:00,0.0,107,0.0,89342.0,0.0,59.0,,,0.0,266
2020-02-19 01:45:00,0.0,107,,,,,,,0.0,266
2020-02-19 01:30:00,0.0,107,,89342.0,,,,,0.25,267
2020-02-19 01:15:00,0.0,107,,,,,,,0.0,267
2020-02-19 01:00:00,0.0,107,0.0,89343.0,0.0,58.0,,,0.0,267
2020-02-19 00:45:00,0.0,107,,,,,,,0.0,267
2020-02-19 00:30:00,0.0,107,,89343.0,,,,,0.0,267
2020-02-19 00:15:00,0.0,107,,,,,,,0.0,267
2020-02-19 00:00:00,0.0,107,0.0,89343.0,0.0,57.0,,,0.0,267
2020-02-18 23:45:00,0.0,107,,,,,,,0.0,268
2020-02-18 23:30:00,0.0,107,,89343.0,,,,,0.0,268
2020-02-18 23:15:00,0.0,108,,,,,,,0.0,269
2020-02-18 23:00:00,0.0,108,0.0,89343.0,0.0,57.0,,,0.0,269
2020-02-18 22:45:00,0.0,108,,,,,,,0.0,269
2020-02-18 22:30:00,0.0,108,,89343.0,,,,,0.0,270
2020-02-18 22:15:00,0.0,108,,,,,,,0.0,270
2020-02-18 22:00:00,0.0,108,0.0,89343.0,0.0,57.0,,,0.0,271
2020-02-18 21:45:00,0.0,108,,,,,,,0.0,272
2020-02-18 21:30:00,0.0,109,,89343.0,,,,,0.0,272
2020-02-18 21:15:00,0.0,108,,,,,,,0.0,271
2020-02-18 21:00:00,0.0,109,0.0,89343.0,0.0,58.0,,,0.0,268
2020-02-18 20:45:00,0.0,109,,,,,,,0.0,265
2020-02-18 20:30:00,0.0,109,,89343.0,,,,,0.75,265
2020-02-18 20:15:00,0.0,109,,,,,,,0.0,265
2020-02-18 20:00:00,0.0,109,0.0,89344.0,1.0,57.0,,,0.0,265
2020-02-18 19:45:00,0.0,109,,,,,,,0.0,265
2020-02-18 19:30:00,0.0,109,,89343.0,,,,,0.0,265
2020-02-18 19:15:00,0.0,110,,,,,,,0.0,265
2020-02-18 19:00:00,0.0,110,0.0,89343.0,0.0,58.0,,,0.0,265
2020-02-18 18:45:00,0.0,111,,,,,,,0.0,265
2020-02-18 18:30:00,0.0,111,,89344.0,,,,,0.0,265
2020-02-18 18:15:00,0.0,111,,,,,,,0.0,265
2020-02-18 18:00:00,0.0,111,0.0,89344.0,0.0,59.0,,,0.0,265
2020-02-18 17:45:00,0.0,112,,,,,,,0.0,265
2020-02-18 17:30:00,0.0,112,,89344.0,,,,,0.0,266
2020-02-18 17:15:00,0.0,112,,,,,,,0.0,266
2020-02-18 17:00:00,0.0,113,0.0,89345.0,0.0,61.0,,,0.0,266
2020-02-18 16:45:00,0.0,113,,,,,,,0.0,266
2020-02-18 16:30:00,0.0,113,,89345.0,,,,,0.0,266
2020-02-18 16:15:00,0.0,113,,,,,,,0.0,266
2020-02-18 16:00:00,0.0,114,0.0,89346.0,0.0,61.0,,,0.0,266
2020-02-18 15:45:00,0.0,114,,,,,,,0.0,266
2020-02-18 15:30:00,0.0,114,,89346.0,,,,,0.0,266
2020-02-18 15:15:00,0.0,114,,,,,,,0.0,266
2020-02-18 15:00:00,0.0,114,0.0,89347.0,0.0,62.0,,,0.0,266
2020-02-18 14:45:00,0.0,114,,,,,,,0.0,266
2020-02-18 14:30:00,0.0,114,,89347.0,,,,,0.0,266
2020-02-18 14:15:00,0.0,114,,,,,,,0.0,266
2020-02-18 14:00:00,0.0,114,0.0,89348.0,0.0,65.0,,,0.0,266
2020-02-18 13:45:00,0.0,114,,,,,,,0.0,266
2020-02-18 13:30:00,0.0,114,,89348.0,,,,,0.0,266
2020-02-18 13:15:00,0.0,115,,,,,,,0.0,266
2020-02-18 13:00:00,0.0,114,0.0,89349.0,0.0,65.0,,,0.0,266
2020-02-18 12:45:00,0.2,114,,,,,,,0.0,266
2020-02-18 12:30:00,0.0,114,,89349.0,,,,,0.0,266
2020-02-18 12:15:00,0.0,114,,,,,,,0.0,266
2020-02-18 12:00:00,0.0,114,0.0,89349.0,0.0,67.0,,,0.0,266
2020-02-18 11:45:00,0.0,114,,,,,,,0.0,266
2020-02-18 11:30:00,0.0,114,,89351.0,,,,,0.0,266
2020-02-18 11:15:00,0.0,113,,,,,,,0.0,266
2020-02-18 11:00:00,0.0,113,0.0,89352.0,0.0,67.0,,,0.0,266
2020-02-18 10:45:00,0.0,113,,,,,,,0.0,266
2020-02-18 10:30:00,0.0,113,,89353.0,,,,,0.0,266
2020-02-18 10:15:00,0.0,112,,,,,,,0.0,266
2020-02-18 10:00:00,0.0,111,0.0,89353.0,0.0,69.0,,,0.0,266
2020-02-18 09:45:00,0.0,111,,,,,,,0.0,266
2020-02-18 09:30:00,0.0,110,,89353.0,,,,,0.0,266
2020-02-18 09:15:00,0.0,110,,,,,,,0.0,266
2020-02-18 09:00:00,0.0,109,0.0,89354.0,0.0,71.0,,,0.0,266
2020-02-18 08:45:00,0.0,109,,,,,,,0.0,266
2020-02-18 08:30:00,0.0,108,,89355.0,,,,,0.0,266
2020-02-18 08:15:00,0.0,109,,,,,,,0.0,266
2020-02-18 08:00:00,0.0,108,0.0,89356.0,0.0,73.0,,,0.0,266
2020-02-18 07:45:00,0.0,108,,,,,,,0.0,266
2020-02-18 07:30:00,0.0,108,,89357.0,,,,,0.0,266
2020-02-18 07:15:00,0.0,108,,,,,,,0.0,267
2020-02-18 07:00:00,0.0,108,0.0,89358.0,0.0,74.0,,,0.0,267
2020-02-18 06:45:00,0.0,108,,,,,,,0.0,266
2020-02-18 06:30:00,0.0,108,,89357.0,,,,,0.0,267
2020-02-18 06:15:00,0.0,108,,,,,,,0.0,267
2020-02-18 06:00:00,0.0,107,0.0,89354.0,0.0,75.0,,,0.0,267
2020-02-18 05:45:00,0.0,107,,,,,,,0.0,267
2020-02-18 05:30:00,0.0,107,,89350.0,,,,,0.0,267
2020-02-18 05:15:00,0.0,106,,,,,,,0.0,267
2020-02-18 05:00:00,0.0,107,0.0,89347.0,0.0,73.0,,,0.0,267
2020-02-18 04:45:00,0.0,106,,,,,,,0.0,267
2020-02-18 04:30:00,0.0,106,,89348.0,,,,,0.0,267
2020-02-18 04:15:00,0.0,106,,,,,,,0.0,267
2020-02-18 04:00:00,0.0,106,0.0,89349.0,0.0,71.0,,,0.0,267
2020-02-18 03:45:00,0.0,107,,,,,,,0.0,267
2020-02-18 03:30:00,0.0,107,,89350.0,,,,,0.0,267
2020-02-18 03:15:00,0.0,107,,,,,,,0.0,266
2020-02-18 03:00:00,0.0,107,0.0,89352.0,0.0,61.0,,,0.0,266
2020-02-18 02:45:00,0.0,107,,,,,,,0.0,266
2020-02-18 02:30:00,0.0,107,,89355.0,,,,,0.25,266
2020-02-18 02:15:00,0.0,106,,,,,,,0.0,266
2020-02-18 02:00:00,0.0,106,0.0,89356.0,1.0,59.0,,,0.0,266
2020-02-18 01:45:00,0.0,106,,,,,,,0.0,266
2020-02-18 01:30:00,0.0,106,,89358.0,,,,,0.0,266
2020-02-18 01:15:00,0.0,106,,,,,,,0.0,266
2020-02-18 01:00:00,0.0,106,0.0,89357.0,6.0,58.0,,,0.0,266
2020-02-18 00:45:00,0.0,106,,,,,,,0.0,266
2020-02-18 00:30:00,0.0,107,,89355.0,,,,,0.0,266
2020-02-18 00:15:00,0.0,107,,,,,,,0.0,266
2020-02-18 00:00:00,0.0,107,0.0,89350.0,0.0,56.0,,,0.0,266
2020-02-17 23:45:00,0.0,108,,,,,,,0.0,266
2020-02-17 23:30:00,0.0,108,,89346.0,,,,,0.0,266
2020-02-17 23:15:00,0.0,108,,,,,,,0.0,266
2020-02-17 23:00:00,0.0,108,0.0,89344.0,0.0,56.0,,,0.0,266
2020-02-17 22:45:00,0.0,109,,,,,,,0.0,267
2020-02-17 22:30:00,0.0,109,,89344.0,,,,,0.0,267
2020-02-17 22:15:00,0.0,109,,,,,,,0.0,267
2020-02-17 22:00:00,0.0,109,0.0,89344.0,0.0,56.0,,,0.0,267
2020-02-17 21:45:00,0.0,109,,,,,,,0.0,267
2020-02-17 21:30:00,0.0,109,,89345.0,,,,,0.0,267
2020-02-17 21:15:00,0.0,109,,,,,,,0.0,268
2020-02-17 21:00:00,0.0,109,0.0,89345.0,0.0,56.0,,,0.0,268
2020-02-17 20:45:00,0.0,109,,,,,,,0.0,268
2020-02-17 20:30:00,0.0,109,,89345.0,,,,,0.0,268
2020-02-17 20:15:00,0.0,109,,,,,,,0.0,268
2020-02-17 20:00:00,0.0,109,0.0,89345.0,0.0,56.0,,,0.0,268
2020-02-17 19:45:00,0.0,110,,,,,,,0.0,268
2020-02-17 19:30:00,0.0,110,,89346.0,,,,,0.0,269
2020-02-17 19:15:00,0.0,110,,,,,,,0.0,269
2020-02-17 19:00:00,0.0,111,0.0,89346.0,0.0,56.0,,,0.0,269
2020-02-17 18:45:00,0.0,111,,,,,,,0.0,269
2020-02-17 18:30:00,0.0,112,,89347.0,,,,,0.0,269
2020-02-17 18:15:00,0.0,112,,,,,,,0.0,269
2020-02-17 18:00:00,0.0,113,0.0,89347.0,0.0,57.0,,,0.0,269
2020-02-17 17:45:00,0.0,113,,,,,,,0.0,270
2020-02-17 17:30:00,0.0,114,,89347.0,,,,,0.0,270
2020-02-17 17:15:00,0.0,114,,,,,,,0.0,270
2020-02-17 17:00:00,0.0,115,0.0,89348.0,0.0,56.0,,,0.0,270
2020-02-17 16:45:00,0.0,115,,,,,,,0.0,270
2020-02-17 16:30:00,0.0,116,,89348.0,,,,,0.0,270
2020-02-17 16:15:00,0.0,117,,,,,,,0.0,270
2020-02-17 16:00:00,0.0,116,0.0,89349.0,0.0,56.0,,,0.0,271
2020-02-17 15:45:00,0.0,117,,,,,,,0.0,271
2020-02-17 15:30:00,0.0,117,,89349.0,,,,,0.0,271
2020-02-17 15:15:00,0.0,117,,,,,,,0.0,271
2020-02-17 15:00:00,0.0,117,0.0,89350.0,0.0,57.0,,,0.0,271
2020-02-17 14:45:00,0.0,117,,,,,,,0.0,271
2020-02-17 14:30:00,0.0,117,,89351.0,,,,,0.0,271
2020-02-17 14:15:00,0.0,117,,,,,,,0.0,272
2020-02-17 14:00:00,0.0,117,0.0,89352.0,0.0,58.0,,,0.0,272
2020-02-17 13:45:00,0.0,117,,,,,,,0.0,272
2020-02-17 13:30:00,0.0,118,,89352.0,,,,,0.0,272
2020-02-17 13:15:00,0.0,118,,,,,,,0.0,272
2020-02-17 13:00:00,0.0,118,0.0,89353.0,0.0,57.0,,,0.0,272
2020-02-17 12:45:00,0.0,118,,,,,,,0.0,273
2020-02-17 12:30:00,0.0,118,,89352.0,,,,,0.0,273
2020-02-17 12:15:00,0.0,118,,,,,,,0.0,273
2020-02-17 12:00:00,0.0,118,0.0,89352.0,0.0,58.0,,,0.0,273
2020-02-17 11:45:00,0.0,117,,,,,,,0.0,274
2020-02-17 11:30:00,0.0,117,,89350.0,,,,,0.0,274
2020-02-17 11:15:00,0.0,116,,,,,,,0.0,274
2020-02-17 11:00:00,0.0,116,0.0,89350.0,0.0,62.0,,,0.0,275
2020-02-17 10:45:00,0.0,115,,,,,,,0.0,275
2020-02-17 10:30:00,0.0,115,,89348.0,,,,,0.0,276
2020-02-17 10:15:00,0.0,115,,,,,,,0.0,276
2020-02-17 10:00:00,0.0,114,0.0,89347.0,0.0,57.0,,,0.0,276
2020-02-17 09:45:00,0.0,114,,,,,,,0.0,277
2020-02-17 09:30:00,0.0,114,,89346.0,,,,,0.0,278
2020-02-17 09:15:00,0.0,114,,,,,,,0.0,279
2020-02-17 09:00:00,0.0,114,0.0,89345.0,0.0,58.0,,,0.0,280
2020-02-17 08:45:00,0.0,113,,,,,,,0.0,280
2020-02-17 08:30:00,0.0,113,,89345.0,,,,,0.0,282
2020-02-17 08:15:00,0.0,113,,,,,,,0.0,283
2020-02-17 08:00:00,0.0,112,0.0,89344.0,0.0,59.0,,,0.0,285
2020-02-17 07:45:00,0.0,112,,,,,,,0.0,287
2020-02-17 07:30:00,0.0,112,,89344.0,,,,,0.0,288
2020-02-17 07:15:00,0.0,112,,,,,,,0.0,290
2020-02-17 07:00:00,0.0,112,0.0,89344.0,0.0,59.0,,,0.0,291
2020-02-17 06:45:00,0.0,112,,,,,,,0.0,293
2020-02-17 06:30:00,0.0,112,,89344.0,,,,,0.0,294
2020-02-17 06:15:00,0.0,112,,,,,,,0.0,295
2020-02-17 06:00:00,0.0,112,0.0,89343.0,0.0,59.0,,,0.0,295
2020-02-17 05:45:00,0.0,112,,,,,,,0.0,295
2020-02-17 05:30:00,0.0,112,,89344.0,,,,,0.0,295
2020-02-17 05:15:00,0.0,113,,,,,,,0.0,293
2020-02-17 05:00:00,0.0,113,0.0,89344.0,0.0,59.0,,,0.0,292
2020-02-17 04:45:00,0.0,113,,,,,,,0.0,290
2020-02-17 04:30:00,0.0,113,,89344.0,,,,,0.0,288
2020-02-17 04:15:00,0.0,113,,,,,,,0.0,285
2020-02-17 04:00:00,0.0,113,0.0,89344.0,0.0,59.0,,,0.0,281
2020-02-17 03:45:00,0.0,113,,,,,,,0.0,277
2020-02-17 03:30:00,0.0,114,,89344.0,,,,,0.0,272
2020-02-17 03:15:00,0.0,113,,,,,,,0.0,269
2020-02-17 03:00:00,0.0,114,0.0,89344.0,0.0,58.0,,,0.0,268
2020-02-17 02:45:00,0.0,114,,,,,,,0.0,267
2020-02-17 02:30:00,0.0,114,,89344.0,,,,,0.0,267
2020-02-17 02:15:00,0.0,114,,,,,,,0.0,267
2020-02-17 02:00:00,0.0,115,0.0,89344.0,0.0,59.0,,,0.0,267
2020-02-17 01:45:00,0.0,115,,,,,,,0.0,267
2020-02-17 01:30:00,0.0,115,,89345.0,,,,,0.0,267
2020-02-17 01:15:00,0.0,115,,,,,,,0.0,267
2020-02-17 01:00:00,0.0,115,0.0,89345.0,0.0,59.0,,,0.0,267
2020-02-17 00:45:00,0.0,115,,,,,,,0.0,267
2020-02-17 00:30:00,0.0,116,,89345.0,,,,,0.0,267
2020-02-17 00:15:00,0.0,116,,,,,,,0.0,267
2020-02-17 00:00:00,0.0,116,,89345.0,0.0,61.0,,,0.0,267
2020-02-16 23:45:00,0.0,116,,,,,,,0.0,267
2020-02-16 23:30:00,0.0,116,,89345.0,,,,,0.0,267
2020-02-16 23:15:00,0.0,116,,,,,,,0.0,267
2020-02-16 23:00:00,0.0,116,,,0.0,59.0,,,0.0,267
2020-02-16 22:45:00,0.0,115,,,,,,,0.0,267
2020-02-16 22:30:00,0.0,115,,89345.0,,,,,0.0,267
2020-02-16 22:15:00,0.0,115,,,,,,,0.0,268
2020-02-16 22:00:00,0.0,115,0.0,89345.0,0.0,61.0,,,0.0,268
2020-02-16 21:45:00,0.0,114,,,,,,,0.0,268
2020-02-16 21:30:00,0.0,114,,89345.0,,,,,0.0,268
2020-02-16 21:15:00,0.0,115,,,,,,,0.0,268
2020-02-16 21:00:00,0.0,115,0.0,89348.0,0.0,61.0,,,0.0,268
2020-02-16 20:45:00,0.0,114,,,,,,,0.0,268
2020-02-16 20:30:00,0.0,114,,89348.0,,,,,0.0,268
2020-02-16 20:15:00,0.0,114,,,,,,,0.0,268
2020-02-16 20:00:00,0.0,114,0.0,89348.0,0.0,61.0,,,0.0,268
2020-02-16 19:45:00,0.0,114,,,,,,,0.0,268
2020-02-16 19:30:00,0.0,114,,89348.0,,,,,0.0,268
2020-02-16 19:15:00,0.0,114,,,,,,,0.0,268
2020-02-16 19:00:00,0.0,114,0.0,89348.0,0.0,61.0,,,0.0,269
2020-02-16 18:45:00,0.0,114,,,,,,,0.0,269
2020-02-16 18:30:00,0.0,114,,89348.0,,,,,0.0,269
2020-02-16 18:15:00,0.0,114,,,,,,,0.0,269
2020-02-16 18:00:00,0.0,114,0.0,89349.0,0.0,61.0,,,0.0,269
2020-02-16 17:45:00,0.0,114,,,,,,,0.0,269
2020-02-16 17:30:00,0.0,114,,89349.0,,,,,0.0,269
2020-02-16 17:15:00,0.0,114,,,,,,,0.0,269
2020-02-16 17:00:00,0.0,114,0.0,89349.0,0.0,59.0,,,0.0,269
2020-02-16 16:45:00,0.0,114,,,,,,,0.0,269
2020-02-16 16:30:00,0.0,115,,89348.0,,,,,0.0,269
2020-02-16 16:15:00,0.0,115,,,,,,,0.0,269
2020-02-16 16:00:00,0.0,115,0.0,89345.0,0.0,61.0,,,0.0,269
2020-02-16 15:45:00,0.0,115,,,,,,,0.0,269
2020-02-16 15:30:00,0.0,115,,89344.0,,,,,0.25,269
2020-02-16 15:15:00,0.2,115,,,,,,,0.0,269
2020-02-16 15:00:00,0.4,115,0.0,89344.0,0.0,61.0,,,0.0,269
2020-02-16 14:45:00,0.0,115,,,,,,,0.0,269
2020-02-16 14:30:00,0.0,115,,89344.0,,,,,0.0,269
2020-02-16 14:15:00,0.0,115,,,,,,,0.0,269
2020-02-16 14:00:00,0.0,115,0.0,89344.0,0.0,61.0,,,0.0,269
2020-02-16 13:45:00,0.0,115,,,,,,,0.0,269
2020-02-16 13:30:00,0.0,115,,89344.0,,,,,0.0,269
2020-02-16 13:15:00,0.0,116,,,,,,,0.0,269
2020-02-16 13:00:00,0.0,115,0.0,89344.0,0.0,61.0,,,0.0,269
2020-02-16 12:45:00,0.0,116,,,,,,,0.0,270
2020-02-16 12:30:00,0.0,116,,89344.0,,,,,0.0,269
2020-02-16 12:15:00,0.0,116,,,,,,,0.0,269
2020-02-16 12:00:00,0.0,116,0.0,89344.0,0.0,61.0,,,0.0,269
2020-02-16 11:45:00,0.0,116,,,,,,,0.0,269
2020-02-16 11:30:00,0.0,116,,89344.0,,,,,0.0,270
2020-02-16 11:15:00,0.0,117,,,,,,,0.0,270
2020-02-16 11:00:00,0.0,117,0.0,89344.0,0.0,61.0,,,0.0,269
2020-02-16 10:45:00,0.0,117,,,,,,,0.0,269
2020-02-16 10:30:00,0.0,117,,89344.0,,,,,0.0,269
2020-02-16 10:15:00,0.0,117,,,,,,,0.0,269
2020-02-16 10:00:00,0.0,117,0.0,89344.0,0.0,61.0,,,0.0,269
2020-02-16 09:45:00,0.0,117,,,,,,,0.0,269
2020-02-16 09:30:00,0.0,118,,89344.0,,,,,0.0,270
2020-02-16 09:15:00,0.0,118,,,,,,,0.0,269
2020-02-16 09:00:00,0.0,118,0.0,89344.0,0.0,62.0,,,0.0,270
2020-02-16 08:45:00,0.0,118,,,,,,,0.0,270
2020-02-16 08:30:00,0.0,118,,89344.0,,,,,0.0,269
2020-02-16 08:15:00,0.0,118,,,,,,,0.0,270
2020-02-16 08:00:00,0.0,119,0.0,89344.0,0.0,62.0,,,0.0,270
2020-02-16 07:45:00,0.0,119,,,,,,,0.0,270
2020-02-16 07:30:00,0.0,119,,89344.0,,,,,0.0,269
2020-02-16 07:15:00,0.0,119,,,,,,,0.0,270
2020-02-16 07:00:00,0.0,119,0.0,89344.0,0.0,62.0,,,0.0,269
2020-02-16 06:45:00,0.0,120,,,,,,,0.0,270
2020-02-16 06:30:00,0.0,119,,89344.0,,,,,0.0,270
2020-02-16 06:15:00,0.0,120,,,,,,,0.0,270
2020-02-16 06:00:00,0.0,120,0.0,89344.0,0.0,62.0,,,0.0,270
2020-02-16 05:45:00,0.0,120,,,,,,,0.0,270
2020-02-16 05:30:00,0.0,121,,89344.0,,,,,0.0,270
2020-02-16 05:15:00,0.0,121,,,,,,,0.0,270
2020-02-16 05:00:00,0.0,121,0.0,89344.0,0.0,62.0,,,0.0,270
2020-02-16 04:45:00,0.0,122,,,,,,,0.0,270
2020-02-16 04:30:00,0.0,122,,89345.0,,,,,0.0,270
2020-02-16 04:15:00,0.0,122,,,,,,,0.0,270
2020-02-16 04:00:00,0.0,122,0.0,89345.0,0.0,63.0,,,0.0,270
2020-02-16 03:45:00,0.0,123,,,,,,,0.0,270
2020-02-16 03:30:00,0.0,123,,89345.0,,,,,0.0,270
2020-02-16 03:15:00,0.0,123,,,,,,,0.0,270
2020-02-16 03:00:00,0.0,123,0.0,89345.0,0.0,62.0,,,0.0,269
2020-02-16 02:45:00,0.0,123,,,,,,,0.0,270
2020-02-16 02:30:00,0.0,124,,89345.0,,,,,0.0,270
2020-02-16 02:15:00,0.0,124,,,,,,,0.0,270
2020-02-16 02:00:00,0.0,124,0.0,89345.0,0.0,62.0,,,0.0,270
2020-02-16 01:45:00,0.0,124,,,,,,,0.0,270
2020-02-16 01:30:00,0.0,124,,89345.0,,,,,0.0,270
2020-02-16 01:15:00,0.0,124,,,,,,,0.0,270
2020-02-16 01:00:00,0.0,125,0.0,89345.0,0.0,62.0,,,0.0,270
2020-02-16 00:45:00,0.0,125,,,,,,,0.0,270
2020-02-16 00:30:00,0.0,126,,89345.0,,,,,0.0,271
2020-02-16 00:15:00,0.0,125,,,,,,,0.0,271
2020-02-16 00:00:00,0.0,126,0.0,89346.0,0.0,64.0,,,0.0,271
2020-02-15 23:45:00,0.0,126,,,,,,,0.0,271
2020-02-15 23:30:00,0.0,126,,89346.0,,,,,0.0,271
2020-02-15 23:15:00,0.0,126,,,,,,,0.0,271
2020-02-15 23:00:00,0.0,126,0.0,89346.0,0.0,63.0,,,0.0,271
2020-02-15 22:45:00,0.0,126,,,,,,,0.0,271
2020-02-15 22:30:00,0.0,126,,89346.0,,,,,0.0,271
2020-02-15 22:15:00,0.0,126,,,,,,,0.0,272
2020-02-15 22:00:00,0.0,126,0.0,89346.0,0.0,64.0,,,0.0,272
2020-02-15 21:45:00,0.0,126,,,,,,,0.0,272
2020-02-15 21:30:00,0.0,127,,89346.0,,,,,0.0,272
2020-02-15 21:15:00,0.0,127,,,,,,,0.0,272
2020-02-15 21:00:00,0.0,127,0.0,89346.0,0.0,64.0,,,0.0,272
2020-02-15 20:45:00,0.0,127,,,,,,,0.0,272
2020-02-15 20:30:00,0.0,128,,89346.0,,,,,0.0,272
2020-02-15 20:15:00,0.0,128,,,,,,,0.0,272
2020-02-15 20:00:00,0.0,128,0.0,89346.0,0.0,64.0,,,0.0,273
2020-02-15 19:45:00,0.0,128,,,,,,,0.0,273
2020-02-15 19:30:00,0.0,129,,89346.0,,,,,0.0,273
2020-02-15 19:15:00,0.0,129,,,,,,,0.0,273
2020-02-15 19:00:00,0.0,129,0.0,89346.0,0.0,64.0,,,0.0,274
2020-02-15 18:45:00,0.0,129,,,,,,,0.0,274
2020-02-15 18:30:00,0.0,130,,89347.0,,,,,0.0,274
2020-02-15 18:15:00,0.0,130,,,,,,,0.0,274
2020-02-15 18:00:00,0.0,131,0.0,89347.0,0.0,64.0,,,0.0,274
2020-02-15 17:45:00,0.0,131,,,,,,,0.0,274
2020-02-15 17:30:00,0.0,131,,89347.0,,,,,0.0,274
2020-02-15 17:15:00,0.0,132,,,,,,,0.0,275
2020-02-15 17:00:00,0.0,132,0.0,89347.0,0.0,65.0,,,0.0,275
2020-02-15 16:45:00,0.0,132,,,,,,,0.0,275
2020-02-15 16:30:00,0.0,133,,89347.0,,,,,0.0,275
2020-02-15 16:15:00,0.0,133,,,,,,,0.0,275
2020-02-15 16:00:00,0.0,133,0.0,89347.0,0.0,66.0,,,0.0,275
2020-02-15 15:45:00,0.0,133,,,,,,,0.0,275
2020-02-15 15:30:00,0.0,133,,89347.0,,,,,0.0,275
2020-02-15 15:15:00,0.0,133,,,,,,,0.0,275
2020-02-15 15:00:00,0.0,133,0.0,89347.0,0.0,65.0,,,0.0,275
2020-02-15 14:45:00,0.0,133,,,,,,,0.0,275
2020-02-15 14:30:00,0.0,133,,89347.0,,,,,0.0,276
2020-02-15 14:15:00,0.0,133,,,,,,,0.0,276
2020-02-15 14:00:00,0.0,133,0.0,89347.0,0.0,66.0,,,0.0,276
2020-02-15 13:45:00,0.0,132,,,,,,,0.0,276
2020-02-15 13:30:00,0.0,132,,89347.0,,,,,0.0,276
2020-02-15 13:15:00,0.0,131,,,,,,,0.0,276
2020-02-15 13:00:00,0.0,131,0.0,89347.0,0.0,66.0,,,0.0,276
2020-02-15 12:45:00,0.0,131,,,,,,,0.0,276
2020-02-15 12:30:00,0.0,131,,89347.0,,,,,0.0,276
2020-02-15 12:15:00,0.0,130,,,,,,,0.0,276
2020-02-15 12:00:00,0.0,130,0.0,89347.0,0.0,66.0,,,0.0,276
2020-02-15 11:45:00,0.0,130,,,,,,,0.0,276
2020-02-15 11:30:00,0.0,130,,89347.0,,,,,0.0,277
2020-02-15 11:15:00,0.0,130,,,,,,,0.0,276
2020-02-15 11:00:00,0.0,130,0.0,89347.0,0.0,67.0,,,0.0,277
2020-02-15 10:45:00,0.0,130,,,,,,,0.0,277
2020-02-15 10:30:00,0.0,130,,89347.0,,,,,0.0,277
2020-02-15 10:15:00,0.0,130,,,,,,,0.0,277
2020-02-15 10:00:00,0.0,130,0.0,89347.0,0.0,67.0,,,0.0,277
2020-02-15 09:45:00,0.0,130,,,,,,,0.0,277
2020-02-15 09:30:00,0.0,130,,89347.0,,,,,0.0,277
2020-02-15 09:15:00,0.0,131,,,,,,,0.0,278
2020-02-15 09:00:00,0.0,131,0.0,89347.0,0.0,68.0,,,0.0,278
2020-02-15 08:45:00,0.0,131,,,,,,,0.0,278
2020-02-15 08:30:00,0.0,131,,89347.0,,,,,0.0,279
2020-02-15 08:15:00,0.0,131,,,,,,,0.0,279
2020-02-15 08:00:00,0.0,131,0.0,89347.0,0.0,68.0,,,0.0,280
2020-02-15 07:45:00,0.0,132,,,,,,,0.0,280
2020-02-15 07:30:00,0.0,132,,89347.0,,,,,0.0,280
2020-02-15 07:15:00,0.0,132,,,,,,,0.0,280
2020-02-15 07:00:00,0.0,132,0.0,89347.0,0.0,69.0,,,0.0,281
2020-02-15 06:45:00,0.0,132,,,,,,,0.0,281
2020-02-15 06:30:00,0.0,132,,89347.0,,,,,0.0,281
2020-02-15 06:15:00,0.0,133,,,,,,,0.0,280
2020-02-15 06:00:00,0.0,133,0.0,89347.0,0.0,69.0,,,0.0,280
2020-02-15 05:45:00,0.0,133,,,,,,,0.0,279
2020-02-15 05:30:00,0.0,133,,89347.0,,,,,0.0,279
2020-02-15 05:15:00,0.0,133,,,,,,,0.0,278
2020-02-15 05:00:00,0.0,134,0.0,89347.0,0.0,68.0,,,0.0,277
2020-02-15 04:45:00,0.0,134,,,,,,,0.0,277
2020-02-15 04:30:00,0.0,134,,89347.0,,,,,0.0,276
2020-02-15 04:15:00,0.0,134,,,,,,,0.0,276
2020-02-15 04:00:00,0.0,135,0.0,89348.0,0.0,68.0,,,0.0,276
2020-02-15 03:45:00,0.0,135,,,,,,,0.0,276
2020-02-15 03:30:00,0.0,136,,89348.0,,,,,0.0,277
2020-02-15 03:15:00,0.0,136,,,,,,,0.0,276
2020-02-15 03:00:00,0.0,136,0.0,89348.0,0.0,68.0,,,0.0,277
2020-02-15 02:45:00,0.0,136,,,,,,,0.0,277
2020-02-15 02:30:00,0.0,137,,89348.0,,,,,0.0,277
2020-02-15 02:15:00,0.0,137,,,,,,,0.0,277
2020-02-15 02:00:00,0.0,138,0.0,89348.0,0.0,69.0,,,0.0,277
2020-02-15 01:45:00,0.0,138,,,,,,,0.0,277
2020-02-15 01:30:00,0.0,138,,89348.0,,,,,0.0,277
2020-02-15 01:15:00,0.0,139,,,,,,,0.0,277
2020-02-15 01:00:00,0.0,139,0.0,89348.0,0.0,69.0,,,0.0,277
2020-02-15 00:45:00,0.0,139,,,,,,,0.0,278
2020-02-15 00:30:00,0.0,140,,89348.0,,,,,0.0,278
2020-02-15 00:15:00,0.0,140,,,,,,,0.0,278
2020-02-15 00:00:00,0.0,141,0.0,89348.0,0.0,69.0,,,0.0,278
2020-02-14 23:45:00,0.0,142,,,,,,,0.0,279
2020-02-14 23:30:00,0.0,142,,89349.0,,,,,0.0,279
2020-02-14 23:15:00,0.0,143,,,,,,,0.0,279
2020-02-14 23:00:00,0.0,143,0.0,89349.0,0.0,71.0,,,0.0,279
2020-02-14 22:45:00,0.0,144,,,,,,,0.0,279
2020-02-14 22:30:00,0.0,144,,89349.0,,,,,0.0,280
2020-02-14 22:15:00,0.0,145,,,,,,,0.0,280
2020-02-14 22:00:00,0.0,145,0.0,89349.0,0.0,71.0,,,0.0,280
2020-02-14 21:45:00,0.0,145,,,,,,,0.0,280
2020-02-14 21:30:00,0.0,146,,89349.0,,,,,0.0,281
2020-02-14 21:15:00,0.0,146,,,,,,,0.0,281
2020-02-14 21:00:00,0.0,146,0.0,89349.0,0.0,71.0,,,0.0,281
2020-02-14 20:45:00,0.0,147,,,,,,,0.0,281
2020-02-14 20:30:00,0.0,147,,89349.0,,,,,0.0,282
2020-02-14 20:15:00,0.0,148,,,,,,,0.0,282
2020-02-14 20:00:00,0.0,148,0.0,89349.0,0.0,71.0,,,0.0,283
2020-02-14 19:45:00,0.0,148,,,,,,,0.0,283
2020-02-14 19:30:00,0.0,149,,89347.0,,,,,0.0,283
2020-02-14 19:15:00,0.0,149,,,,,,,0.0,283
2020-02-14 19:00:00,0.0,150,0.0,89345.0,0.0,71.0,,,0.0,283
2020-02-14 18:45:00,0.0,150,,,,,,,0.0,283
2020-02-14 18:30:00,0.0,151,,89346.0,,,,,0.0,284
2020-02-14 18:15:00,0.0,152,,,,,,,0.0,284
2020-02-14 18:00:00,0.0,152,0.0,89346.0,0.0,72.0,,,0.0,284
2020-02-14 17:45:00,0.0,153,,,,,,,0.0,284
2020-02-14 17:30:00,0.0,153,,89346.0,,,,,0.0,285
2020-02-14 17:15:00,0.0,154,,,,,,,0.0,285
2020-02-14 17:00:00,0.0,155,0.0,89346.0,0.0,72.0,,,0.0,285
2020-02-14 16:45:00,0.0,155,,,,,,,0.0,286
2020-02-14 16:30:00,0.0,156,,89347.0,,,,,0.0,286
2020-02-14 16:15:00,0.0,156,,,,,,,0.0,286
2020-02-14 16:00:00,0.0,158,0.0,89347.0,0.0,73.0,,,0.0,287
2020-02-14 15:45:00,0.0,158,,,,,,,0.0,287
2020-02-14 15:30:00,0.0,159,,89347.0,,,,,0.0,287
2020-02-14 15:15:00,0.0,160,,,,,,,0.0,287
2020-02-14 15:00:00,0.0,161,0.0,89347.0,0.0,73.0,,,0.0,288
2020-02-14 14:45:00,0.0,161,,,,,,,0.0,288
2020-02-14 14:30:00,0.0,162,,89347.0,,,,,0.0,288
2020-02-14 14:15:00,0.0,163,,,,,,,0.0,289
2020-02-14 14:00:00,0.0,164,0.0,89348.0,0.0,74.0,,,0.0,289
2020-02-14 13:45:00,0.0,164,,,,,,,0.0,289
2020-02-14 13:30:00,0.0,165,,89348.0,,,,,0.0,289
2020-02-14 13:15:00,0.0,166,,,,,,,0.0,290
2020-02-14 13:00:00,0.0,167,0.0,89348.0,0.0,76.0,,,0.0,290
2020-02-14 12:45:00,0.0,167,,,,,,,0.0,291
2020-02-14 12:30:00,0.0,167,,89349.0,,,,,0.0,291
2020-02-14 12:15:00,0.0,168,,,,,,,0.0,291
2020-02-14 12:00:00,0.0,169,0.0,89348.0,0.0,76.0,,,0.0,292
2020-02-14 11:45:00,0.0,169,,,,,,,0.0,292
2020-02-14 11:30:00,0.0,170,,89344.0,,,,,0.0,293
2020-02-14 11:15:00,0.0,170,,,,,,,0.0,294
2020-02-14 11:00:00,0.0,170,0.0,89343.0,0.0,77.0,,,0.0,294
2020-02-14 10:45:00,0.0,171,,,,,,,0.0,295
2020-02-14 10:30:00,0.0,171,,89346.0,,,,,0.0,296
2020-02-14 10:15:00,0.0,172,,,,,,,0.0,296
2020-02-14 10:00:00,0.0,172,0.0,89345.0,0.0,78.0,,,0.0,298
2020-02-14 09:45:00,0.0,172,,,,,,,0.0,298
2020-02-14 09:30:00,0.0,172,,89343.0,,,,,0.0,300
2020-02-14 09:15:00,0.0,173,,,,,,,0.0,301
2020-02-14 09:00:00,0.0,173,0.0,89343.0,0.0,79.0,,,0.0,302
2020-02-14 08:45:00,0.0,174,,,,,,,0.0,303
2020-02-14 08:30:00,0.0,175,,89343.0,,,,,0.0,304
2020-02-14 08:15:00,0.0,175,,,,,,,0.0,306
2020-02-14 08:00:00,0.0,176,0.0,89343.0,0.0,81.0,,,0.0,307
2020-02-14 07:45:00,0.0,177,,,,,,,0.0,308
2020-02-14 07:30:00,0.0,178,,89343.0,,,,,0.0,309
2020-02-14 07:15:00,0.0,179,,,,,,,0.0,309
2020-02-14 07:00:00,0.0,181,0.0,89343.0,0.0,82.0,,,0.0,310
2020-02-14 06:45:00,0.0,182,,,,,,,0.0,310
2020-02-14 06:30:00,0.0,184,,89344.0,,,,,0.0,310
2020-02-14 06:15:00,0.0,186,,,,,,,0.0,310
2020-02-14 06:00:00,0.0,188,0.0,89344.0,0.0,84.0,,,0.0,310
2020-02-14 05:45:00,0.0,190,,,,,,,0.0,309
2020-02-14 05:30:00,0.0,192,,89344.0,,,,,0.0,309
2020-02-14 05:15:00,0.0,194,,,,,,,0.0,308
2020-02-14 05:00:00,0.0,196,0.0,89345.0,0.0,86.0,,,0.0,307
2020-02-14 04:45:00,0.0,198,,,,,,,0.0,307
2020-02-14 04:30:00,0.0,201,,89345.0,,,,,0.0,305
2020-02-14 04:15:00,0.0,203,,,,,,,0.0,304
2020-02-14 04:00:00,0.0,206,0.0,89345.0,0.0,87.0,,,0.0,303
2020-02-14 03:45:00,0.0,208,,,,,,,0.0,301
2020-02-14 03:30:00,0.0,209,,89345.0,,,,,0.0,300
2020-02-14 03:15:00,0.0,211,,,,,,,0.0,299
2020-02-14 03:00:00,0.0,213,0.0,89344.0,0.0,86.0,,,0.0,298
2020-02-14 02:45:00,0.0,215,,,,,,,0.0,298
2020-02-14 02:30:00,0.0,216,,89344.0,,,,,0.0,298
2020-02-14 02:15:00,0.0,217,,,,,,,0.0,298
2020-02-14 02:00:00,0.0,218,0.0,89344.0,0.0,84.0,,,0.0,299
2020-02-14 01:45:00,0.0,217,,,,,,,0.0,300
2020-02-14 01:30:00,0.0,217,,89344.0,,,,,0.0,300
2020-02-14 01:15:00,0.0,215,,,,,,,0.0,301
2020-02-14 01:00:00,0.0,214,,89344.0,0.0,87.0,,,0.0,301
2020-02-14 00:45:00,0.0,211,,,,,,,0.0,301
2020-02-14 00:30:00,0.0,209,,89345.0,,,,,0.0,302
2020-02-14 00:15:00,0.0,205,,,,,,,0.0,302
2020-02-14 00:00:00,0.0,202,,,0.0,89.0,,,0.0,302
2020-02-13 23:45:00,0.0,198,,,,,,,0.0,302
2020-02-13 23:30:00,0.0,194,,89345.0,,,,,0.0,302
2020-02-13 23:15:00,0.0,191,,,,,,,0.0,303
2020-02-13 23:00:00,0.0,187,0.0,89346.0,0.0,94.0,,,0.0,303
2020-02-13 22:45:00,0.0,184,,,,,,,0.0,305
2020-02-13 22:30:00,0.0,182,,89346.0,,,,,0.0,306
2020-02-13 22:15:00,0.0,179,,,,,,,0.0,308
2020-02-13 22:00:00,0.0,177,0.0,89347.0,0.0,101.0,,,0.0,309
2020-02-13 21:45:00,0.0,176,,,,,,,0.0,312
2020-02-13 21:30:00,0.0,175,,89347.0,,,,,0.0,316
2020-02-13 21:15:00,0.0,175,,,,,,,0.0,320
2020-02-13 21:00:00,0.0,175,0.0,89347.0,0.0,111.0,,,0.0,325
2020-02-13 20:45:00,0.0,174,,,,,,,0.0,331
2020-02-13 20:30:00,0.0,174,,89347.0,,,,,0.0,338
2020-02-13 20:15:00,0.0,174,,,,,,,0.0,346
2020-02-13 20:00:00,0.0,174,0.0,89345.0,0.0,116.0,,,0.0,350
2020-02-13 19:45:00,0.0,174,,,,,,,0.0,347
2020-02-13 19:30:00,0.0,175,,89341.0,,,,,0.0,342
2020-02-13 19:15:00,0.0,175,,,,,,,0.0,337
2020-02-13 19:00:00,0.0,176,0.0,89338.0,1.0,122.0,,,0.0,322
2020-02-13 18:45:00,1.0,176,,,,,,,0.0,315
2020-02-13 18:30:00,1.8,176,,89337.0,,,,,6.75,297
2020-02-13 18:15:00,0.0,176,,,,,,,12.25,283
2020-02-13 18:00:00,0.0,177,0.0,89338.0,10.0,83.0,,,0.5,281
2020-02-13 17:45:00,0.0,177,,,,,,,0.0,282
2020-02-13 17:30:00,0.0,178,,89339.0,,,,,0.0,282
2020-02-13 17:15:00,0.0,179,,,,,,,0.0,282
2020-02-13 17:00:00,0.0,179,0.0,89339.0,0.0,76.0,,,0.0,282
2020-02-13 16:45:00,0.0,180,,,,,,,0.0,282
2020-02-13 16:30:00,0.0,180,,89341.0,,,,,0.0,282
2020-02-13 16:15:00,0.0,181,,,,,,,0.0,283
2020-02-13 16:00:00,0.0,181,0.0,89342.0,0.0,76.0,,,0.0,283
2020-02-13 15:45:00,0.0,182,,,,,,,0.0,283
2020-02-13 15:30:00,0.0,183,,89342.0,,,,,0.0,283
2020-02-13 15:15:00,0.0,184,,,,,,,0.0,283
2020-02-13 15:00:00,0.0,185,0.0,89343.0,0.0,77.0,,,0.0,283
2020-02-13 14:45:00,0.0,185,,,,,,,0.0,284
2020-02-13 14:30:00,0.0,186,,89343.0,,,,,0.0,283
2020-02-13 14:15:00,0.0,186,,,,,,,0.0,284
2020-02-13 14:00:00,0.0,188,0.0,89343.0,0.0,79.0,,,0.0,284
2020-02-13 13:45:00,0.0,188,,,,,,,0.0,284
2020-02-13 13:30:00,0.0,190,,89458.0,,,,,0.0,285
2020-02-13 13:15:00,0.0,190,,,,,,,0.0,285
2020-02-13 13:00:00,0.0,191,0.0,89475.0,0.0,79.0,,,0.0,285
2020-02-13 12:45:00,0.0,192,,,,,,,0.0,285
2020-02-13 12:30:00,0.0,192,,89475.0,,,,,0.0,285
2020-02-13 12:15:00,0.0,194,,,,,,,0.0,285
2020-02-13 12:00:00,0.0,195,0.0,89476.0,0.0,79.0,,,0.0,285
2020-02-13 11:45:00,0.0,195,,,,,,,0.0,285
2020-02-13 11:30:00,0.0,196,,89476.0,,,,,0.0,286
2020-02-13 11:15:00,0.0,198,,,,,,,0.0,286
2020-02-13 11:00:00,0.0,199,0.0,89477.0,0.0,83.0,,,0.0,286
2020-02-13 10:45:00,0.0,199,,,,,,,0.0,287
2020-02-13 10:30:00,0.0,200,,,,,,,0.0,287
2020-02-13 10:15:00,0.0,202,,,,,,,0.0,287
2020-02-13 10:00:00,0.0,203,0.0,89479.0,0.0,81.0,,,0.0,287
2020-02-13 09:45:00,0.0,204,,,,,,,0.0,287
2020-02-13 09:30:00,0.0,205,,,,,,,0.0,287
2020-02-13 09:15:00,0.0,206,,,,,,,0.0,287
2020-02-13 09:00:00,0.0,207,0.0,89480.0,0.0,82.0,,,0.0,288
2020-02-13 08:45:00,0.0,209,,,,,,,0.0,288
2020-02-13 08:30:00,0.0,209,,89481.0,,,,,0.0,288
2020-02-13 08:15:00,0.0,210,,,,,,,0.0,289
2020-02-13 08:00:00,0.0,212,0.0,89482.0,0.0,84.0,,,0.0,289
2020-02-13 07:45:00,0.0,213,,,,,,,0.0,289
2020-02-13 07:30:00,0.0,214,,89482.0,,,,,0.0,289
2020-02-13 07:15:00,0.0,215,,,,,,,0.0,290
2020-02-13 07:00:00,0.0,217,0.0,89483.0,0.0,83.0,,,0.0,290
2020-02-13 06:45:00,0.0,217,,,,,,,0.0,290
2020-02-13 06:30:00,0.0,218,,89484.0,,,,,0.0,290
2020-02-13 06:15:00,0.0,219,,,,,,,0.0,290
2020-02-13 06:00:00,0.0,220,0.0,89485.0,0.0,84.0,,,0.0,291
2020-02-13 05:45:00,0.0,220,,,,,,,0.0,291
2020-02-13 05:30:00,0.0,221,,89486.0,,,,,0.0,291
2020-02-13 05:15:00,0.0,222,,,,,,,0.0,291
2020-02-13 05:00:00,0.0,222,0.0,89487.0,0.0,86.0,,,0.0,292
2020-02-13 04:45:00,0.0,222,,,,,,,0.0,292
2020-02-13 04:30:00,0.0,222,,89488.0,,,,,0.0,292
2020-02-13 04:15:00,0.0,223,,,,,,,0.0,293
2020-02-13 04:00:00,0.0,222,0.0,89489.0,0.0,86.0,,,0.0,293
2020-02-13 03:45:00,0.0,223,,,,,,,0.0,294
2020-02-13 03:30:00,0.0,223,,89490.0,,,,,0.0,294
2020-02-13 03:15:00,0.0,222,,,,,,,0.0,294
2020-02-13 03:00:00,0.0,222,0.0,89491.0,0.0,87.0,,,0.0,295
2020-02-13 02:45:00,0.0,222,,,,,,,0.0,296
2020-02-13 02:30:00,0.0,222,,89491.0,,,,,0.0,296
2020-02-13 02:15:00,0.0,222,,,,,,,0.0,297
2020-02-13 02:00:00,0.0,222,0.0,89490.0,0.0,89.0,,,0.0,298
2020-02-13 01:45:00,0.0,222,,,,,,,0.0,298
2020-02-13 01:30:00,0.0,222,,89490.0,,,,,0.0,299
2020-02-13 01:15:00,0.0,222,,,,,,,0.0,299
2020-02-13 01:00:00,0.0,222,0.0,89490.0,0.0,90.0,,,0.0,300
2020-02-13 00:45:00,0.0,223,,,,,,,0.0,300
2020-02-13 00:30:00,0.0,223,,89490.0,,,,,0.0,301
2020-02-13 00:15:00,0.0,224,,,,,,,0.0,301
2020-02-13 00:00:00,0.0,224,0.0,89489.0,0.0,92.0,,,0.0,302
2020-12-02 23:45:00,0.0,224,,,,,,,0.0,302
2020-12-02 23:30:00,0.0,224,,89489.0,,,,,0.0,302
2020-12-02 23:15:00,0.0,225,,,,,,,0.0,302
2020-12-02 23:00:00,0.0,225,0.0,89488.0,0.0,95.0,,,0.0,302
2020-12-02 22:45:00,0.0,225,,,,,,,0.0,302
2020-12-02 22:30:00,0.0,226,,89488.0,,,,,0.0,303
2020-12-02 22:15:00,0.0,225,,,,,,,0.0,302
2020-12-02 22:00:00,0.0,225,0.0,89487.0,0.0,94.0,,,0.0,302
2020-12-02 21:45:00,0.0,225,,,,,,,0.0,301
2020-12-02 21:30:00,0.0,225,,89486.0,,,,,0.0,301
2020-12-02 21:15:00,0.0,224,,,,,,,0.0,300
2020-12-02 21:00:00,0.2,224,0.0,89486.0,0.0,96.0,,,0.0,300
2020-12-02 20:45:00,0.0,223,,,,,,,0.0,299
2020-12-02 20:30:00,0.0,223,,89485.0,,,,,0.0,299
2020-12-02 20:15:00,0.0,222,,,,,,,0.25,299
2020-12-02 20:00:00,0.0,221,0.0,89483.0,0.0,96.0,,,0.0,298
2020-12-02 19:45:00,0.0,221,,,,,,,0.0,298
2020-12-02 19:30:00,0.0,221,,89481.0,,,,,0.0,297
2020-12-02 19:15:00,0.0,221,,,,,,,0.0,297
2020-12-02 19:00:00,0.0,220,0.0,89480.0,0.0,96.0,,,0.0,297
2020-12-02 18:45:00,0.0,221,,,,,,,0.0,297
2020-12-02 18:30:00,0.0,221,,89483.0,,,,,0.0,296
2020-12-02 18:15:00,0.0,222,,,,,,,0.0,297
2020-12-02 18:00:00,0.0,223,0.0,89481.0,0.0,94.0,,,0.0,296
2020-12-02 17:45:00,0.0,225,,,,,,,0.0,296
2020-12-02 17:30:00,0.0,226,,89487.0,,,,,0.0,297
2020-12-02 17:15:00,0.0,228,,,,,,,0.0,297
2020-12-02 17:00:00,0.0,230,0.0,89498.0,2.0,92.0,,,0.25,297
2020-12-02 16:45:00,0.0,231,,,,,,,0.25,298
2020-12-02 16:30:00,0.0,233,,89498.0,,,,,0.0,298
2020-12-02 16:15:00,0.0,235,,,,,,,0.0,298
2020-12-02 16:00:00,0.0,236,0.0,89499.0,2.0,91.0,,,0.5,298
2020-12-02 15:45:00,0.2,238,,,,,,,0.5,298
2020-12-02 15:30:00,0.0,239,,89498.0,,,,,0.0,299
2020-12-02 15:15:00,0.0,240,,,,,,,0.0,299
2020-12-02 15:00:00,0.0,241,0.0,89499.0,1.0,87.0,,,0.0,300
2020-12-02 14:45:00,0.2,241,,,,,,,0.0,300
2020-12-02 14:30:00,0.6,241,,89499.0,,,,,0.25,300
2020-12-02 14:15:00,0.6,241,,,,,,,0.5,301
2020-12-02 14:00:00,0.8,242,0.0,89499.0,8.0,80.0,,,0.5,301
2020-12-02 13:45:00,2.2,242,,,,,,,0.75,302
2020-12-02 13:30:00,4.0,241,,89499.0,,,,,0.25,302
2020-12-02 13:15:00,0.0,242,,,,,,,0.0,303
2020-12-02 13:00:00,0.0,244,0.0,89499.0,0.0,54.0,,,0.0,303
2020-12-02 12:45:00,0.0,245,,,,,,,0.0,304
2020-12-02 12:30:00,0.0,246,,89499.0,,,,,0.0,305
2020-12-02 12:15:00,0.0,248,,,,,,,0.0,305
2020-12-02 12:00:00,0.0,249,0.0,89501.0,0.0,68.0,,,0.0,306
2020-12-02 11:45:00,0.0,251,,,,,,,0.0,307
2020-12-02 11:30:00,0.0,253,,89502.0,,,,,0.0,308
2020-12-02 11:15:00,0.0,255,,,,,,,0.0,309
2020-12-02 11:00:00,0.0,257,0.0,89505.0,0.0,96.0,,,0.0,309
2020-12-02 10:45:00,0.0,259,,,,,,,0.0,310
2020-12-02 10:30:00,0.0,261,,89508.0,,,,,0.0,311
2020-12-02 10:15:00,0.0,263,,,,,,,0.0,312
2020-12-02 10:00:00,0.0,266,0.0,89508.0,0.0,96.0,,,0.0,312
2020-12-02 09:45:00,0.0,268,,,,,,,0.0,314
2020-12-02 09:30:00,0.0,270,,89509.0,,,,,0.0,315
2020-12-02 09:15:00,0.0,273,,,,,,,0.0,315
2020-12-02 09:00:00,0.0,276,0.0,89510.0,0.0,96.0,,,0.0,316
2020-12-02 08:45:00,0.0,279,,,,,,,0.0,317
2020-12-02 08:30:00,0.0,282,,89510.0,,,,,0.0,317
2020-12-02 08:15:00,0.0,285,,,,,,,0.0,318
2020-12-02 08:00:00,0.0,288,0.0,89510.0,0.0,99.0,,,0.0,318
2020-12-02 07:45:00,0.0,292,,,,,,,0.0,319
2020-12-02 07:30:00,0.0,296,,89511.0,,,,,0.0,318
2020-12-02 07:15:00,0.0,299,,,,,,,0.0,319
2020-12-02 07:00:00,0.0,303,0.0,89511.0,0.0,99.0,,,0.0,319
2020-12-02 06:45:00,0.0,307,,,,,,,0.0,319
2020-12-02 06:30:00,0.0,311,,89512.0,,,,,0.0,319
2020-12-02 06:15:00,0.0,316,,,,,,,0.0,319
2020-12-02 06:00:00,0.0,319,0.0,89512.0,0.0,100.0,,,0.0,319
2020-12-02 05:45:00,0.0,324,,,,,,,0.0,319
2020-12-02 05:30:00,0.0,329,,89513.0,,,,,0.0,319
2020-12-02 05:15:00,0.0,333,,,,,,,0.0,319
2020-12-02 05:00:00,0.0,338,0.0,89514.0,0.0,101.0,,,0.0,319
2020-12-02 04:45:00,0.0,342,,,,,,,0.0,319
2020-12-02 04:30:00,0.0,347,,89515.0,,,,,0.0,319
2020-12-02 04:15:00,0.0,369,,,,,,,0.0,318
2020-12-02 04:00:00,0.0,374,0.0,89516.0,0.0,102.0,,,0.0,318
2020-12-02 03:45:00,0.0,378,,,,,,,0.0,318
2020-12-02 03:30:00,0.0,383,,89517.0,,,,,0.0,319
2020-12-02 03:15:00,0.0,369,,,,,,,0.0,319
2020-12-02 03:00:00,0.0,374,0.0,89518.0,0.0,104.0,,,0.0,319
2020-12-02 02:45:00,0.0,378,,,,,,,0.0,319
2020-12-02 02:30:00,0.0,383,,89520.0,,,,,0.0,319
2020-12-02 02:15:00,0.0,387,,,,,,,0.0,320
2020-12-02 02:00:00,0.0,392,0.0,89521.0,0.0,104.0,,,0.0,321
2020-12-02 01:45:00,0.0,395,,,,,,,0.0,321
2020-12-02 01:30:00,0.0,399,,89522.0,,,,,0.0,323
2020-12-02 01:15:00,0.0,403,,,,,,,0.0,323
2020-12-02 01:00:00,0.0,407,0.0,89524.0,0.0,105.0,,,0.0,324
2020-12-02 00:45:00,0.0,412,,,,,,,0.0,326
2020-12-02 00:30:00,0.0,415,,89526.0,,,,,0.0,327
2020-12-02 00:15:00,0.0,419,,,,,,,0.0,328
2020-12-02 00:00:00,0.0,423,0.0,89529.0,0.0,106.0,,,0.0,329
2020-11-02 23:45:00,0.0,427,,,,,,,0.0,330
2020-11-02 23:30:00,0.0,430,,89531.0,,,,,0.0,332
2020-11-02 23:15:00,0.0,434,,,,,,,0.0,334
2020-11-02 23:00:00,0.0,438,0.0,89533.0,0.0,111.0,,,0.0,336
2020-11-02 22:45:00,0.0,441,,,,,,,0.0,338
2020-11-02 22:30:00,0.0,444,,89535.0,,,,,0.0,341
2020-11-02 22:15:00,0.0,448,,,,,,,0.0,342
2020-11-02 22:00:00,0.0,450,0.0,89537.0,0.0,114.0,,,0.0,345
2020-11-02 21:45:00,0.0,453,,,,,,,0.0,346
2020-11-02 21:30:00,0.0,455,,89539.0,,,,,0.0,349
2020-11-02 21:15:00,0.0,457,,,,,,,0.0,350
2020-11-02 21:00:00,0.0,459,0.0,89541.0,0.0,114.0,,,0.0,353
2020-11-02 20:45:00,0.0,461,,,,,,,0.25,355
2020-11-02 20:30:00,0.0,463,,89543.0,,,,,0.0,356
2020-11-02 20:15:00,0.0,464,,,,,,,0.0,357
2020-11-02 20:00:00,0.0,466,0.0,89544.0,0.0,119.0,,,0.0,359
2020-11-02 19:45:00,0.0,467,,,,,,,0.0,360
2020-11-02 19:30:00,0.0,467,,89543.0,,,,,0.0,360
2020-11-02 19:15:00,0.0,469,,,,,,,0.0,360
2020-11-02 19:00:00,0.0,469,0.0,89542.0,0.0,68.0,,,0.0,361
2020-11-02 18:45:00,0.0,470,,,,,,,0.0,362
2020-11-02 18:30:00,0.0,470,,89543.0,,,,,0.0,361
2020-11-02 18:15:00,0.0,470,,,,,,,0.0,361
2020-11-02 18:00:00,0.0,470,0.0,89547.0,1.0,91.0,,,0.0,361
2020-11-02 17:45:00,1.2,469,,,,,,,0.25,361
2020-11-02 17:30:00,0.4,468,,89549.0,,,,,0.0,361
2020-11-02 17:15:00,2.4,467,,,,,,,0.25,361
2020-11-02 17:00:00,0.0,466,0.0,89551.0,2.0,133.0,,,0.0,361
2020-11-02 16:45:00,0.2,465,,,,,,,0.0,360
2020-11-02 16:30:00,0.2,463,,89553.0,,,,,0.5,361
2020-11-02 16:15:00,0.2,462,,,,,,,0.5,361
2020-11-02 16:00:00,0.0,460,0.0,89554.0,1.0,139.0,,,0.0,362
2020-11-02 15:45:00,0.0,459,,,,,,,0.0,362
2020-11-02 15:30:00,0.4,457,,89556.0,,,,,0.0,363
2020-11-02 15:15:00,0.2,455,,,,,,,0.0,364
2020-11-02 15:00:00,0.0,453,0.0,89557.0,0.0,136.0,,,0.0,365
2020-11-02 14:45:00,0.0,451,,,,,,,0.0,367
2020-11-02 14:30:00,0.0,448,,89560.0,,,,,0.0,368
2020-11-02 14:15:00,0.0,445,,,,,,,0.0,371
2020-11-02 14:00:00,0.0,443,0.0,89561.0,0.0,141.0,,,0.0,373
2020-11-02 13:45:00,0.0,440,,,,,,,0.0,375
2020-11-02 13:30:00,0.0,436,,89562.0,,,,,0.0,377
2020-11-02 13:15:00,0.0,432,,,,,,,0.0,380
2020-11-02 13:00:00,0.0,428,0.0,89561.0,0.0,164.0,,,0.25,384
2020-11-02 12:45:00,0.2,423,,,,,,,0.0,386
2020-11-02 12:30:00,0.0,418,,89561.0,,,,,0.0,388
2020-11-02 12:15:00,0.0,413,,,,,,,0.5,391
2020-11-02 12:00:00,0.0,408,0.0,89560.0,0.0,166.0,,,0.0,395
2020-11-02 11:45:00,0.4,402,,,,,,,0.0,396
2020-11-02 11:30:00,1.8,395,,89558.0,,,,,0.5,397
2020-11-02 11:15:00,2.0,388,,,,,,,0.5,396
2020-11-02 11:00:00,3.0,380,0.0,89552.0,2.0,142.0,,,0.25,396
2020-11-02 10:45:00,1.6,372,,,,,,,0.5,396
2020-11-02 10:30:00,1.2,366,,,,,,,0.75,394
2020-11-02 10:15:00,1.4,359,,,,,,,1.25,391
2020-11-02 10:00:00,0.8,354,0.0,89544.0,3.0,143.0,,,1.0,389
2020-11-02 09:45:00,0.8,349,,,,,,,1.25,385
2020-11-02 09:30:00,1.6,344,,89537.0,,,,,1.0,381
2020-11-02 09:15:00,1.8,339,,,,,,,2.25,378
2020-11-02 09:00:00,0.4,335,0.0,89529.0,3.0,146.0,,,1.75,373
2020-11-02 08:45:00,0.8,331,,,,,,,1.0,369
2020-11-02 08:30:00,0.2,328,,89526.0,,,,,1.25,368
2020-11-02 08:15:00,0.4,324,,,,,,,1.75,368
2020-11-02 08:00:00,1.4,320,0.0,89522.0,6.0,160.0,,,2.0,365
2020-11-02 07:45:00,2.8,314,,,,,,,1.0,358
2020-11-02 07:30:00,3.2,309,,89515.0,,,,,0.5,352
2020-11-02 07:15:00,5.2,300,,,,,,,1.75,345
2020-11-02 07:00:00,10.0,289,0.0,89506.0,11.0,141.0,,,5.25,328
2020-11-02 06:45:00,4.8,281,,,,,,,3.75,319
2020-11-02 06:30:00,0.8,277,,89501.0,,,,,1.75,318
2020-11-02 06:15:00,1.0,273,,,,,,,1.75,318
2020-11-02 06:00:00,1.6,269,0.0,89497.0,2.0,125.0,,,1.25,320
2020-11-02 05:45:00,1.2,266,,,,,,,0.25,319
2020-11-02 05:30:00,1.0,263,,89492.0,,,,,0.5,316
2020-11-02 05:15:00,1.0,260,,,,,,,1.0,313
2020-11-02 05:00:00,1.2,256,,89489.0,3.0,126.0,,,1.25,312
2020-11-02 04:45:00,1.2,254,,,,,,,2.5,300
2020-11-02 04:30:00,5.2,250,,89487.0,,,,,8.0,296
2020-11-02 04:15:00,4.4,245,,,,,,,0.5,295
2020-11-02 04:00:00,0.2,244,,,0.0,116.0,,,0.0,296
2020-11-02 03:45:00,0.0,243,,,,,,,0.0,296
2020-11-02 03:30:00,0.0,242,,89486.0,,,,,0.0,296
2020-11-02 03:15:00,0.0,242,,,,,,,0.0,296
2020-11-02 03:00:00,0.0,241,0.0,89487.0,0.0,114.0,,,0.25,297
2020-11-02 02:45:00,0.0,240,,,,,,,0.0,298
2020-11-02 02:30:00,0.0,240,,89487.0,,,,,0.0,299
2020-11-02 02:15:00,0.0,239,,,,,,,0.0,300
2020-11-02 02:00:00,0.0,238,0.0,89487.0,1.0,111.0,,,0.25,301
2020-11-02 01:45:00,0.0,237,,,,,,,1.0,302
2020-11-02 01:30:00,0.0,235,,89486.0,,,,,0.25,304
2020-11-02 01:15:00,0.0,234,,,,,,,1.25,305
2020-11-02 01:00:00,0.0,232,0.0,89485.0,1.0,99.0,,,0.25,305
2020-11-02 00:45:00,0.0,229,,,,,,,0.5,306
2020-11-02 00:30:00,0.0,227,,89484.0,,,,,0.0,307
2020-11-02 00:15:00,0.0,225,,,,,,,0.25,307
2020-11-02 00:00:00,0.0,222,0.0,89484.0,0.0,101.0,,,0.0,307
2020-10-02 23:45:00,0.0,220,,,,,,,0.0,307
2020-10-02 23:30:00,0.0,217,,89483.0,,,,,0.0,307
2020-10-02 23:15:00,0.0,214,,,,,,,0.0,306
2020-10-02 23:00:00,0.0,212,0.0,89483.0,0.0,102.0,,,0.0,306
2020-10-02 22:45:00,0.0,209,,,,,,,0.0,305
2020-10-02 22:30:00,0.0,206,,89482.0,,,,,0.0,304
2020-10-02 22:15:00,0.2,202,,,,,,,0.25,303
2020-10-02 22:00:00,0.4,199,0.0,89483.0,0.0,98.0,,,0.25,303
2020-10-02 21:45:00,0.0,195,,,,,,,0.0,303
2020-10-02 21:30:00,0.0,191,,89483.0,,,,,0.0,304
2020-10-02 21:15:00,0.0,186,,,,,,,0.0,305
2020-10-02 21:00:00,0.0,182,0.0,89484.0,0.0,100.0,,,0.0,306
2020-10-02 20:45:00,0.0,177,,,,,,,0.0,307
2020-10-02 20:30:00,0.0,172,,89483.0,,,,,0.0,308
2020-10-02 20:15:00,0.0,167,,,,,,,0.0,309
2020-10-02 20:00:00,0.0,163,0.0,89481.0,0.0,92.0,,,0.0,311
2020-10-02 19:45:00,0.0,159,,,,,,,0.0,313
2020-10-02 19:30:00,0.6,156,,89480.0,,,,,0.25,314
2020-10-02 19:15:00,1.0,153,,,,,,,0.25,316
2020-10-02 19:00:00,0.0,150,0.0,89479.0,2.0,91.0,,,0.0,316
2020-10-02 18:45:00,0.0,147,,,,,,,0.0,312
2020-10-02 18:30:00,0.0,144,,89478.0,,,,,0.0,306
2020-10-02 18:15:00,0.4,141,,,,,,,0.0,302
2020-10-02 18:00:00,0.0,137,0.0,89477.0,1.0,88.0,,,0.0,296
2020-10-02 17:45:00,0.0,133,,,,,,,0.5,290
2020-10-02 17:30:00,0.6,129,,89476.0,,,,,0.75,285
2020-10-02 17:15:00,1.0,125,,,,,,,0.75,280
2020-10-02 17:00:00,1.8,122,0.0,89476.0,12.0,82.0,,,2.25,275
2020-10-02 16:45:00,1.2,120,,,,,,,1.5,269
2020-10-02 16:30:00,1.4,118,,89475.0,,,,,3.5,266
2020-10-02 16:15:00,2.4,116,,,,,,,2.25,264
2020-10-02 16:00:00,0.0,114,0.0,89474.0,0.0,71.0,,,0.25,263
2020-10-02 15:45:00,0.0,113,,,,,,,0.0,262
2020-10-02 15:30:00,0.0,112,,89473.0,,,,,0.0,261
2020-10-02 15:15:00,0.2,110,,,,,,,0.25,260
2020-10-02 15:00:00,0.0,109,0.0,89473.0,1.0,69.0,,,0.0,260
2020-10-02 14:45:00,1.4,108,,,,,,,0.5,259
2020-10-02 14:30:00,1.2,106,,89473.0,,,,,1.5,258
2020-10-02 14:15:00,0.2,106,,,,,,,0.0,258
2020-10-02 14:00:00,0.8,104,0.0,89472.0,3.0,64.0,,,0.25,258
2020-10-02 13:45:00,0.0,104,,,,,,,1.25,257
2020-10-02 13:30:00,0.4,103,,89472.0,,,,,0.75,256
2020-10-02 13:15:00,0.2,102,,,,,,,0.25,256
2020-10-02 13:00:00,0.2,102,0.0,89472.0,1.0,61.0,,,0.0,255
2020-10-02 12:45:00,0.6,101,,,,,,,0.5,255
2020-10-02 12:30:00,0.0,100,,89472.0,,,,,0.25,255
2020-10-02 12:15:00,0.0,100,,,,,,,0.0,254
2020-10-02 12:00:00,0.4,100,0.0,89472.0,2.0,56.0,,,0.25,254
2020-10-02 11:45:00,0.6,100,,,,,,,0.5,254
2020-10-02 11:30:00,0.6,100,,89472.0,,,,,0.5,254
2020-10-02 11:15:00,0.6,99,,,,,,,1.0,254
2020-10-02 11:00:00,0.0,99,0.0,89472.0,1.0,54.0,,,0.0,253
2020-10-02 10:45:00,0.6,98,,,,,,,0.5,253
2020-10-02 10:30:00,0.2,98,,89472.0,,,,,0.0,253
2020-10-02 10:15:00,0.0,98,,,,,,,0.0,253
2020-10-02 10:00:00,0.0,98,0.0,89472.0,0.0,49.0,,,0.0,253
2020-10-02 09:45:00,0.0,98,,,,,,,0.0,253
2020-10-02 09:30:00,0.0,97,,89471.0,,,,,0.0,253
2020-10-02 09:15:00,0.4,97,,,,,,,0.5,253
2020-10-02 09:00:00,0.0,97,0.0,89472.0,0.0,46.0,,,0.0,252
2020-10-02 08:45:00,0.0,97,,,,,,,0.5,252
2020-10-02 08:30:00,0.0,96,,89471.0,,,,,0.0,252
2020-10-02 08:15:00,0.0,96,,,,,,,0.0,252
2020-10-02 08:00:00,0.2,96,0.0,89472.0,1.0,46.0,,,0.0,252
2020-10-02 07:45:00,0.0,96,,,,,,,0.0,252
2020-10-02 07:30:00,0.0,96,,89472.0,,,,,0.0,252
2020-10-02 07:15:00,0.0,96,,,,,,,0.0,252
2020-10-02 07:00:00,0.2,96,0.0,89471.0,1.0,44.0,,,0.25,252
2020-10-02 06:45:00,0.6,96,,,,,,,0.75,252
2020-10-02 06:30:00,0.2,96,,89471.0,,,,,0.75,252
2020-10-02 06:15:00,0.0,96,,,,,,,0.0,252
2020-10-02 06:00:00,0.0,96,0.0,89471.0,2.0,42.0,,,0.0,252
2020-10-02 05:45:00,0.2,96,,,,,,,0.25,251
2020-10-02 05:30:00,2.2,96,,89471.0,,,,,1.0,251
2020-10-02 05:15:00,0.4,96,,,,,,,0.25,251
2020-10-02 05:00:00,0.0,96,0.0,89471.0,0.0,42.0,,,0.0,251
2020-10-02 04:45:00,0.0,96,,,,,,,0.0,251
2020-10-02 04:30:00,0.0,96,,89472.0,,,,,0.0,251
2020-10-02 04:15:00,0.0,96,,,,,,,0.0,251
2020-10-02 04:00:00,0.0,96,0.0,89472.0,0.0,41.0,,,0.0,251
2020-10-02 03:45:00,0.4,96,,,,,,,0.25,251
2020-10-02 03:30:00,0.0,96,,89471.0,,,,,0.0,251
2020-10-02 03:15:00,0.0,96,,,,,,,0.0,251
2020-10-02 03:00:00,0.0,96,0.0,89472.0,0.0,41.0,,,0.0,251
2020-10-02 02:45:00,0.0,96,,,,,,,0.0,251
2020-10-02 02:30:00,0.0,96,,89472.0,,,,,0.0,251
2020-10-02 02:15:00,0.0,95,,,,,,,0.0,251
2020-10-02 02:00:00,0.0,95,0.0,89472.0,0.0,41.0,,,0.0,252
2020-10-02 01:45:00,0.0,95,,,,,,,0.0,252
2020-10-02 01:30:00,0.0,95,,89471.0,,,,,0.0,252
2020-10-02 01:15:00,0.0,95,,,,,,,0.0,252
2020-10-02 01:00:00,0.0,95,0.0,89472.0,0.0,41.0,,,0.0,252
2020-10-02 00:45:00,0.0,95,,,,,,,0.0,252
2020-10-02 00:30:00,0.0,95,,,,,,,0.0,252
2020-10-02 00:15:00,0.0,95,,,,,,,0.0,252
2020-10-02 00:00:00,0.0,95,0.0,89472.0,0.0,41.0,,,0.0,252
2020-09-02 23:45:00,0.0,95,,,,,,,0.0,252
2020-09-02 23:30:00,0.0,95,,89471.0,,,,,0.0,252
2020-09-02 23:15:00,0.0,95,,,,,,,0.0,252
2020-09-02 23:00:00,0.0,95,0.0,89472.0,0.0,41.0,,,0.0,252
2020-09-02 22:45:00,0.0,95,,,,,,,0.0,252
2020-09-02 22:30:00,0.0,95,,89472.0,,,,,0.0,252
2020-09-02 22:15:00,0.0,95,,,,,,,0.0,252
2020-09-02 22:00:00,0.0,94,0.0,89472.0,0.0,41.0,,,0.0,252
2020-09-02 21:45:00,0.0,94,,,,,,,0.0,252
2020-09-02 21:30:00,0.0,94,,89472.0,,,,,0.25,252
2020-09-02 21:15:00,0.0,94,,,,,,,0.0,252
2020-09-02 21:00:00,0.0,94,0.0,89472.0,0.0,41.0,,,0.0,252
2020-09-02 20:45:00,0.2,94,,,,,,,0.25,252
2020-09-02 20:30:00,0.2,94,,89472.0,,,,,0.0,252
2020-09-02 20:15:00,0.0,94,,,,,,,0.0,252
2020-09-02 20:00:00,0.0,94,0.0,89471.0,0.0,40.0,,,0.0,252
2020-09-02 19:45:00,0.0,94,,,,,,,0.0,252
2020-09-02 19:30:00,0.0,94,,89471.0,,,,,0.0,252
2020-09-02 19:15:00,0.0,94,,,,,,,0.0,252
2020-09-02 19:00:00,0.0,94,0.0,89471.0,0.0,41.0,,,0.0,252
2020-09-02 18:45:00,0.0,94,,,,,,,0.0,252
2020-09-02 18:30:00,0.0,94,,89471.0,,,,,0.0,252
2020-09-02 18:15:00,0.0,94,,,,,,,0.0,252
2020-09-02 18:00:00,0.0,95,0.0,89471.0,0.0,41.0,,,0.0,252
2020-09-02 17:45:00,0.0,95,,,,,,,0.0,253
2020-09-02 17:30:00,0.0,95,,89471.0,,,,,0.0,253
2020-09-02 17:15:00,0.0,95,,,,,,,0.0,253
2020-09-02 17:00:00,0.0,95,0.0,89471.0,0.0,41.0,,,0.0,253
2020-09-02 16:45:00,0.0,94,,,,,,,0.0,253
2020-09-02 16:30:00,0.0,94,,89471.0,,,,,0.0,253
2020-09-02 16:15:00,0.0,94,,,,,,,0.0,252
2020-09-02 16:00:00,0.0,94,0.0,89471.0,0.0,41.0,,,0.0,252
2020-09-02 15:45:00,0.0,94,,,,,,,0.0,252
2020-09-02 15:30:00,0.0,94,,89471.0,,,,,0.0,252
2020-09-02 15:15:00,0.0,94,,,,,,,0.0,253
2020-09-02 15:00:00,0.0,94,0.0,89471.0,0.0,41.0,,,0.0,252
2020-09-02 14:45:00,0.0,94,,,,,,,0.0,252
2020-09-02 14:30:00,0.0,94,,89471.0,,,,,0.0,252
2020-09-02 14:15:00,0.0,94,,,,,,,0.0,252
2020-09-02 14:00:00,0.0,94,0.0,89470.0,0.0,41.0,,,0.0,253
2020-09-02 13:45:00,0.0,94,,,,,,,0.0,252
2020-09-02 13:30:00,0.0,95,,89471.0,,,,,0.0,252
2020-09-02 13:15:00,0.0,95,,,,,,,0.0,252
2020-09-02 13:00:00,0.2,94,0.0,89471.0,0.0,41.0,,,0.75,252
2020-09-02 12:45:00,0.4,95,,,,,,,0.25,252
2020-09-02 12:30:00,0.0,95,,89470.0,,,,,0.0,252
2020-09-02 12:15:00,0.0,95,,,,,,,0.0,252
2020-09-02 12:00:00,0.0,95,0.0,89470.0,0.0,41.0,,,0.0,252
2020-09-02 11:45:00,0.0,95,,,,,,,0.0,252
2020-09-02 11:30:00,0.0,95,,89470.0,,,,,0.0,252
2020-09-02 11:15:00,0.0,95,,,,,,,0.25,252
2020-09-02 11:00:00,0.2,95,0.0,89471.0,0.0,41.0,,,0.25,252
2020-09-02 10:45:00,0.0,95,,,,,,,0.0,252
2020-09-02 10:30:00,0.0,95,,89471.0,,,,,0.0,252
2020-09-02 10:15:00,0.0,96,,,,,,,0.0,252
2020-09-02 10:00:00,0.0,96,0.0,89471.0,0.0,41.0,,,0.0,252
2020-09-02 09:45:00,0.0,96,,,,,,,0.0,252
2020-09-02 09:30:00,0.0,96,,89471.0,,,,,0.0,252
2020-09-02 09:15:00,0.0,96,,,,,,,0.0,252
2020-09-02 09:00:00,0.0,96,0.0,89471.0,0.0,41.0,,,0.0,252
2020-09-02 08:45:00,0.0,96,,,,,,,0.0,252
2020-09-02 08:30:00,0.0,96,,89471.0,,,,,0.0,252
2020-09-02 08:15:00,0.0,96,,,,,,,0.0,252
2020-09-02 08:00:00,0.0,96,0.0,89471.0,0.0,41.0,,,0.0,252
2020-09-02 07:45:00,0.0,97,,,,,,,0.0,252
2020-09-02 07:30:00,0.0,97,,89471.0,,,,,0.0,252
2020-09-02 07:15:00,0.0,97,,,,,,,0.0,252
2020-09-02 07:00:00,0.0,97,0.0,89471.0,0.0,41.0,,,0.0,252
2020-09-02 06:45:00,0.0,97,,,,,,,0.0,252
2020-09-02 06:30:00,0.0,97,,89471.0,,,,,0.0,252
2020-09-02 06:15:00,0.0,97,,,,,,,0.0,252
2020-09-02 06:00:00,0.0,97,0.0,89471.0,0.0,41.0,,,0.0,252
2020-09-02 05:45:00,0.0,98,,,,,,,0.0,252
2020-09-02 05:30:00,0.0,98,,89471.0,,,,,0.0,252
2020-09-02 05:15:00,0.0,98,,,,,,,0.0,253
2020-09-02 05:00:00,0.0,98,0.0,89471.0,0.0,41.0,,,0.0,253
2020-09-02 04:45:00,0.0,98,,,,,,,0.0,253
2020-09-02 04:30:00,0.0,98,,89471.0,,,,,0.0,253
2020-09-02 04:15:00,0.0,98,,,,,,,0.0,253
2020-09-02 04:00:00,0.0,99,0.0,89471.0,0.0,41.0,,,0.0,253
2020-09-02 03:45:00,0.0,99,,,,,,,0.0,253
2020-09-02 03:30:00,0.0,99,,89472.0,,,,,0.0,253
2020-09-02 03:15:00,0.0,99,,,,,,,0.0,253
2020-09-02 03:00:00,0.0,99,0.0,89472.0,0.0,41.0,,,0.0,253
2020-09-02 02:45:00,0.0,100,,,,,,,0.0,252
2020-09-02 02:30:00,0.0,100,,89472.0,,,,,0.0,252
2020-09-02 02:15:00,0.0,100,,,,,,,0.0,252
2020-09-02 02:00:00,0.0,100,0.0,89472.0,0.0,41.0,,,0.0,252
2020-09-02 01:45:00,0.0,100,,,,,,,0.0,252
2020-09-02 01:30:00,0.0,101,,,,,,,0.0,252
2020-09-02 01:15:00,0.0,101,,,,,,,0.0,252
2020-09-02 01:00:00,0.0,101,0.0,89472.0,0.0,41.0,,,0.0,252
2020-09-02 00:45:00,0.0,101,,,,,,,0.0,252
2020-09-02 00:30:00,0.0,101,,89472.0,,,,,0.0,252
2020-09-02 00:15:00,0.0,101,,,,,,,0.0,252
2020-09-02 00:00:00,0.0,102,0.0,89472.0,0.0,41.0,,,0.0,252
2020-08-02 23:45:00,0.0,102,,,,,,,0.0,252
2020-08-02 23:30:00,0.0,102,,89472.0,,,,,0.0,252
2020-08-02 23:15:00,0.0,102,,,,,,,0.0,252
2020-08-02 23:00:00,0.0,102,0.0,89473.0,0.0,42.0,,,0.0,253
2020-08-02 22:45:00,0.0,102,,,,,,,0.0,253
2020-08-02 22:30:00,0.0,102,,89473.0,,,,,0.0,253
2020-08-02 22:15:00,0.0,103,,,,,,,0.0,253
2020-08-02 22:00:00,0.0,102,0.0,89473.0,0.0,42.0,,,0.0,253
2020-08-02 21:45:00,0.0,102,,,,,,,0.0,253
2020-08-02 21:30:00,0.0,102,,89473.0,,,,,0.0,253
2020-08-02 21:15:00,0.0,102,,,,,,,0.0,253
2020-08-02 21:00:00,0.0,102,0.0,89473.0,0.0,42.0,,,0.0,253
2020-08-02 20:45:00,0.0,103,,,,,,,0.0,254
2020-08-02 20:30:00,0.2,102,,89473.0,,,,,0.0,254
2020-08-02 20:15:00,0.0,102,,,,,,,0.0,254
2020-08-02 20:00:00,0.0,102,0.0,89473.0,0.0,42.0,,,0.0,254
2020-08-02 19:45:00,0.0,102,,,,,,,0.0,254
2020-08-02 19:30:00,0.0,102,,89473.0,,,,,0.0,254
2020-08-02 19:15:00,0.0,102,,,,,,,0.0,254
2020-08-02 19:00:00,0.0,103,0.0,89473.0,0.0,42.0,,,0.0,254
2020-08-02 18:45:00,0.0,103,,,,,,,0.0,254
2020-08-02 18:30:00,0.0,103,,89473.0,,,,,0.0,254
2020-08-02 18:15:00,0.0,103,,,,,,,0.0,254
2020-08-02 18:00:00,0.0,104,0.0,89473.0,2.0,42.0,,,0.0,254
2020-08-02 17:45:00,0.6,103,,,,,,,0.0,254
2020-08-02 17:30:00,0.0,103,,89474.0,,,,,0.0,254
2020-08-02 17:15:00,0.0,104,,,,,,,0.0,254
2020-08-02 17:00:00,0.0,104,0.0,89474.0,0.0,43.0,,,0.0,254
2020-08-02 16:45:00,0.0,104,,,,,,,0.0,254
2020-08-02 16:30:00,0.0,104,,89474.0,,,,,0.0,254
2020-08-02 16:15:00,0.0,105,,,,,,,0.0,255
2020-08-02 16:00:00,0.0,105,0.0,89474.0,0.0,43.0,,,0.0,254
2020-08-02 15:45:00,0.0,105,,,,,,,0.0,255
2020-08-02 15:30:00,0.0,105,,89474.0,,,,,0.0,255
2020-08-02 15:15:00,0.0,105,,,,,,,0.0,255
2020-08-02 15:00:00,0.0,106,0.0,89474.0,0.0,44.0,,,0.0,255
2020-08-02 14:45:00,0.0,106,,,,,,,0.0,255
2020-08-02 14:30:00,0.0,106,,89474.0,,,,,0.0,255
2020-08-02 14:15:00,0.0,106,,,,,,,0.0,255
2020-08-02 14:00:00,0.0,107,0.0,89474.0,0.0,40.0,,,0.0,255
2020-08-02 13:45:00,0.0,107,,,,,,,0.0,255
2020-08-02 13:30:00,0.0,108,,89475.0,,,,,0.0,255
2020-08-02 13:15:00,0.0,108,,,,,,,0.0,255
2020-08-02 13:00:00,0.0,109,0.0,89474.0,0.0,41.0,,,0.0,255
2020-08-02 12:45:00,0.0,109,,,,,,,0.0,255
2020-08-02 12:30:00,0.0,110,,89475.0,,,,,0.0,255
2020-08-02 12:15:00,0.0,110,,,,,,,0.0,255
2020-08-02 12:00:00,0.0,111,0.0,89475.0,0.0,42.0,,,0.0,255
2020-08-02 11:45:00,0.0,111,,,,,,,0.0,255
2020-08-02 11:30:00,0.0,112,,89475.0,,,,,0.0,255
2020-08-02 11:15:00,0.0,112,,,,,,,0.0,255
2020-08-02 11:00:00,0.0,113,0.0,89475.0,0.0,42.0,,,0.0,255
2020-08-02 10:45:00,0.0,113,,,,,,,0.0,255
2020-08-02 10:30:00,0.0,114,,89472.0,,,,,0.0,255
2020-08-02 10:15:00,0.0,114,,,,,,,0.0,255
2020-08-02 10:00:00,0.0,114,0.0,89472.0,0.0,42.0,,,0.0,255
2020-08-02 09:45:00,0.0,114,,,,,,,0.0,255
2020-08-02 09:30:00,0.0,115,,89472.0,,,,,0.0,255
2020-08-02 09:15:00,0.0,115,,,,,,,0.0,255
2020-08-02 09:00:00,0.0,115,0.0,89472.0,0.0,43.0,,,0.0,255
2020-08-02 08:45:00,0.0,115,,,,,,,0.0,255
2020-08-02 08:30:00,0.0,115,,89472.0,,,,,0.0,255
2020-08-02 08:15:00,0.0,116,,,,,,,0.0,255
2020-08-02 08:00:00,0.0,116,0.0,89472.0,0.0,43.0,,,0.0,255
2020-08-02 07:45:00,0.0,116,,,,,,,0.0,255
2020-08-02 07:30:00,0.0,116,,89473.0,,,,,0.0,255
2020-08-02 07:15:00,0.0,117,,,,,,,0.0,255
2020-08-02 07:00:00,0.0,117,0.0,89473.0,0.0,44.0,,,0.0,255
2020-08-02 06:45:00,0.0,117,,,,,,,0.0,255
2020-08-02 06:30:00,0.0,117,,89473.0,,,,,0.0,255
2020-08-02 06:15:00,0.0,118,,,,,,,0.0,255
2020-08-02 06:00:00,0.0,118,0.0,89473.0,0.0,43.0,,,0.0,255
2020-08-02 05:45:00,0.0,118,,,,,,,0.0,255
2020-08-02 05:30:00,0.0,118,,89473.0,,,,,0.0,255
2020-08-02 05:15:00,0.0,119,,,,,,,0.0,255
2020-08-02 05:00:00,0.0,119,0.0,89474.0,0.0,45.0,,,0.0,256
2020-08-02 04:45:00,0.0,119,,,,,,,0.0,255
2020-08-02 04:30:00,0.0,120,,89474.0,,,,,0.0,256
2020-08-02 04:15:00,0.0,120,,,,,,,0.0,256
2020-08-02 04:00:00,0.0,120,0.0,89474.0,0.0,44.0,,,0.0,256
2020-08-02 03:45:00,0.0,121,,,,,,,0.0,256
2020-08-02 03:30:00,0.0,121,,89474.0,,,,,0.0,256
2020-08-02 03:15:00,0.0,121,,,,,,,0.0,256
2020-08-02 03:00:00,0.0,122,0.0,89474.0,0.0,45.0,,,0.0,256
2020-08-02 02:45:00,0.0,122,,,,,,,0.0,256
2020-08-02 02:30:00,0.0,122,,89475.0,,,,,0.0,256
2020-08-02 02:15:00,0.0,123,,,,,,,0.0,256
2020-08-02 02:00:00,0.0,123,0.0,89475.0,0.0,45.0,,,0.0,256
2020-08-02 01:45:00,0.0,124,,,,,,,0.0,256
2020-08-02 01:30:00,0.0,124,,89475.0,,,,,0.0,256
2020-08-02 01:15:00,0.0,125,,,,,,,0.0,257
2020-08-02 01:00:00,0.0,125,0.0,89476.0,0.0,46.0,,,0.0,256
2020-08-02 00:45:00,0.0,126,,,,,,,0.0,257
2020-08-02 00:30:00,0.0,126,,89476.0,,,,,0.0,257
2020-08-02 00:15:00,0.0,127,,,,,,,0.0,257
2020-08-02 00:00:00,0.0,127,0.0,89476.0,0.0,45.0,,,0.0,257
2020-07-02 23:45:00,0.0,128,,,,,,,0.0,257
2020-07-02 23:30:00,0.0,128,,89476.0,,,,,0.0,257
2020-07-02 23:15:00,0.0,129,,,,,,,0.0,257
2020-07-02 23:00:00,0.0,130,0.0,89477.0,0.0,46.0,,,0.0,257
2020-07-02 22:45:00,0.0,130,,,,,,,0.0,257
2020-07-02 22:30:00,0.0,130,,89477.0,,,,,0.0,257
2020-07-02 22:15:00,0.0,131,,,,,,,0.0,258
2020-07-02 22:00:00,0.0,131,0.0,89478.0,0.0,46.0,,,0.0,258
2020-07-02 21:45:00,0.0,132,,,,,,,0.0,258
2020-07-02 21:30:00,0.0,132,,89478.0,,,,,0.0,258
2020-07-02 21:15:00,0.2,132,,,,,,,0.0,258
2020-07-02 21:00:00,0.0,133,0.0,89478.0,0.0,46.0,,,0.0,258
2020-07-02 20:45:00,0.0,133,,,,,,,0.0,258
2020-07-02 20:30:00,0.0,133,,89479.0,,,,,0.0,258
2020-07-02 20:15:00,0.0,133,,,,,,,0.0,258
2020-07-02 20:00:00,0.0,133,0.0,89479.0,0.0,46.0,,,0.0,258
2020-07-02 19:45:00,0.0,134,,,,,,,0.0,259
2020-07-02 19:30:00,0.0,134,,89480.0,,,,,0.0,259
2020-07-02 19:15:00,0.0,134,,,,,,,0.0,259
2020-07-02 19:00:00,0.0,135,0.0,89480.0,0.0,42.0,,,0.0,259
2020-07-02 18:45:00,0.0,135,,,,,,,0.0,259
2020-07-02 18:30:00,0.0,135,,89480.0,,,,,0.0,259
2020-07-02 18:15:00,0.0,136,,,,,,,0.0,259
2020-07-02 18:00:00,0.2,136,0.0,89481.0,0.0,47.0,,,0.0,259
2020-07-02 17:45:00,0.6,137,,,,,,,0.0,259
2020-07-02 17:30:00,0.4,138,,89481.0,,,,,0.0,259
2020-07-02 17:15:00,0.0,139,,,,,,,0.75,259
2020-07-02 17:00:00,0.2,139,0.0,89481.0,0.0,47.0,,,0.75,259
2020-07-02 16:45:00,0.0,139,,,,,,,0.0,259
2020-07-02 16:30:00,0.0,140,,89481.0,,,,,0.0,259
2020-07-02 16:15:00,0.0,141,,,,,,,0.0,259
2020-07-02 16:00:00,0.0,141,0.0,89481.0,0.0,48.0,,,0.0,259
2020-07-02 15:45:00,0.0,141,,,,,,,0.0,259
2020-07-02 15:30:00,0.0,142,,89482.0,,,,,0.0,260
2020-07-02 15:15:00,0.2,143,,,,,,,0.0,260
2020-07-02 15:00:00,0.0,143,0.0,89482.0,0.0,49.0,,,0.0,260
2020-07-02 14:45:00,0.0,144,,,,,,,0.0,260
2020-07-02 14:30:00,0.0,145,,89482.0,,,,,0.0,260
2020-07-02 14:15:00,0.0,146,,,,,,,0.0,260
2020-07-02 14:00:00,0.0,146,0.0,89483.0,0.0,64.0,,,0.0,260
2020-07-02 13:45:00,0.0,147,,,,,,,0.0,260
2020-07-02 13:30:00,0.0,148,,89484.0,,,,,0.0,260
2020-07-02 13:15:00,0.0,149,,,,,,,0.0,260
2020-07-02 13:00:00,0.0,150,0.0,89485.0,0.0,26.0,,,0.0,260
2020-07-02 12:45:00,0.0,151,,,,,,,0.0,261
2020-07-02 12:30:00,0.0,151,,89488.0,,,,,0.0,261
2020-07-02 12:15:00,0.0,152,,,,,,,0.0,261
2020-07-02 12:00:00,0.0,153,0.0,89489.0,0.0,49.0,,,0.0,261
2020-07-02 11:45:00,0.0,155,,,,,,,0.0,261
2020-07-02 11:30:00,0.0,155,,89492.0,,,,,0.0,261
2020-07-02 11:15:00,0.0,157,,,,,,,0.0,261
2020-07-02 11:00:00,0.0,157,0.0,89496.0,0.0,53.0,,,0.0,261
2020-07-02 10:45:00,0.0,159,,,,,,,0.0,261
2020-07-02 10:30:00,0.0,159,,89499.0,,,,,0.0,262
2020-07-02 10:15:00,0.0,163,,,,,,,0.25,262
2020-07-02 10:00:00,0.0,164,0.0,89500.0,0.0,50.0,,,0.0,262
2020-07-02 09:45:00,0.0,164,,,,,,,0.0,262
2020-07-02 09:30:00,0.0,164,,89501.0,,,,,0.0,262
2020-07-02 09:15:00,0.0,163,,,,,,,0.0,262
2020-07-02 09:00:00,0.0,164,0.0,89502.0,0.0,50.0,,,0.0,262
2020-07-02 08:45:00,0.0,164,,,,,,,0.0,262
2020-07-02 08:30:00,0.0,164,,89504.0,,,,,0.0,262
2020-07-02 08:15:00,0.0,164,,,,,,,0.0,262
2020-07-02 08:00:00,0.0,164,0.0,89504.0,0.0,51.0,,,0.0,262
2020-07-02 07:45:00,0.0,164,,,,,,,0.0,262
2020-07-02 07:30:00,0.0,165,,89504.0,,,,,0.0,263
2020-07-02 07:15:00,0.0,164,,,,,,,0.0,263
2020-07-02 07:00:00,0.0,164,0.0,89504.0,0.0,52.0,,,0.0,263
2020-07-02 06:45:00,0.0,165,,,,,,,0.0,263
2020-07-02 06:30:00,0.0,165,,89502.0,,,,,0.0,263
2020-07-02 06:15:00,0.0,165,,,,,,,0.0,264
2020-07-02 06:00:00,0.0,165,0.0,89500.0,0.0,52.0,,,0.0,264
2020-07-02 05:45:00,0.0,165,,,,,,,0.0,264
2020-07-02 05:30:00,0.0,166,,89499.0,,,,,0.0,264
2020-07-02 05:15:00,0.0,166,,,,,,,0.0,264
2020-07-02 05:00:00,0.0,166,0.0,89498.0,0.0,53.0,,,0.0,265
2020-07-02 04:45:00,0.0,167,,,,,,,0.0,265
2020-07-02 04:30:00,0.0,167,,89498.0,,,,,0.0,265
2020-07-02 04:15:00,0.0,167,,,,,,,0.0,265
2020-07-02 04:00:00,0.0,168,0.0,89498.0,0.0,53.0,,,0.0,265
2020-07-02 03:45:00,0.0,169,,,,,,,0.0,266
2020-07-02 03:30:00,0.0,169,,89498.0,,,,,0.0,266
2020-07-02 03:15:00,0.0,170,,,,,,,0.0,266
2020-07-02 03:00:00,0.0,171,0.0,89498.0,0.0,54.0,,,0.0,267
2020-07-02 02:45:00,0.0,172,,,,,,,0.0,267
2020-07-02 02:30:00,0.0,173,,89498.0,,,,,0.0,268
2020-07-02 02:15:00,0.0,174,,,,,,,0.0,268
2020-07-02 02:00:00,0.0,175,0.0,89498.0,0.0,53.0,,,0.0,269
2020-07-02 01:45:00,0.0,177,,,,,,,0.0,269
2020-07-02 01:30:00,0.0,179,,89497.0,,,,,0.0,269
2020-07-02 01:15:00,0.2,181,,,,,,,0.0,270
2020-07-02 01:00:00,0.2,183,0.0,89496.0,0.0,52.0,,,0.0,270
2020-07-02 00:45:00,0.0,184,,,,,,,0.25,271
2020-07-02 00:30:00,0.0,186,,89494.0,,,,,0.0,272
2020-07-02 00:15:00,0.0,189,,,,,,,0.0,272
2020-07-02 00:00:00,0.0,192,0.0,89495.0,0.0,53.0,,,0.0,272
2020-06-02 23:45:00,0.0,194,,,,,,,0.0,272
2020-06-02 23:30:00,0.0,196,,89496.0,,,,,0.0,273
2020-06-02 23:15:00,0.2,199,,,,,,,0.0,272
2020-06-02 23:00:00,0.0,201,0.0,89496.0,0.0,52.0,,,0.0,272
2020-06-02 22:45:00,0.4,204,,,,,,,0.0,272
2020-06-02 22:30:00,0.0,207,,,,,,,0.0,271
2020-06-02 22:15:00,0.0,210,,,,,,,0.0,271
2020-06-02 22:00:00,0.4,212,0.0,89499.0,0.0,53.0,,,0.0,271
2020-06-02 21:45:00,0.4,215,,,,,,,0.0,271
2020-06-02 21:30:00,0.0,217,,89500.0,,,,,0.0,271
2020-06-02 21:15:00,0.0,219,,,,,,,0.0,272
2020-06-02 21:00:00,0.6,221,0.0,89498.0,0.0,54.0,,,0.0,272
2020-06-02 20:45:00,0.4,223,,,,,,,0.0,272
2020-06-02 20:30:00,0.4,225,,89499.0,,,,,0.0,272
2020-06-02 20:15:00,0.4,226,,,,,,,0.0,272
2020-06-02 20:00:00,0.6,228,0.0,89504.0,0.0,51.0,,,0.0,272
2020-06-02 19:45:00,2.0,230,,,,,,,0.0,272
2020-06-02 19:30:00,1.0,231,,89510.0,,,,,0.0,272
2020-06-02 19:15:00,0.0,233,,,,,,,0.0,272
2020-06-02 19:00:00,0.0,236,0.0,89510.0,0.0,54.0,,,0.0,273
2020-06-02 18:45:00,0.0,239,,,,,,,0.0,273
2020-06-02 18:30:00,0.0,242,,89500.0,,,,,0.0,272
2020-06-02 18:15:00,0.0,245,,,,,,,0.0,272
2020-06-02 18:00:00,0.0,247,0.0,89483.0,0.0,54.0,,,0.0,271
2020-06-02 17:45:00,0.0,250,,,,,,,0.0,270
2020-06-02 17:30:00,0.0,252,,89482.0,,,,,0.0,270
2020-06-02 17:15:00,0.0,254,,,,,,,0.0,270
2020-06-02 17:00:00,0.0,256,0.0,89483.0,0.0,54.0,,,0.0,269
2020-06-02 16:45:00,0.0,257,,,,,,,0.0,269
2020-06-02 16:30:00,0.0,258,,89484.0,,,,,0.0,269
2020-06-02 16:15:00,0.0,259,,,,,,,0.0,270
2020-06-02 16:00:00,0.0,259,0.0,89484.0,0.0,55.0,,,0.0,270
2020-06-02 15:45:00,0.0,259,,,,,,,0.0,271
2020-06-02 15:30:00,0.0,259,,89484.0,,,,,0.0,271
2020-06-02 15:15:00,0.0,259,,,,,,,0.0,272
2020-06-02 15:00:00,0.0,259,0.0,89485.0,0.0,56.0,,,0.0,272
2020-06-02 14:45:00,0.0,258,,,,,,,0.0,273
2020-06-02 14:30:00,0.2,256,,89488.0,,,,,0.0,273
2020-06-02 14:15:00,0.0,255,,,,,,,0.0,274
2020-06-02 14:00:00,0.0,253,0.0,89490.0,0.0,57.0,,,0.0,275
2020-06-02 13:45:00,0.0,252,,,,,,,0.25,275
2020-06-02 13:30:00,0.0,250,,89490.0,,,,,0.0,276
2020-06-02 13:15:00,0.0,248,,,,,,,0.0,277
2020-06-02 13:00:00,0.0,246,0.0,89487.0,0.0,59.0,,,0.0,277
2020-06-02 12:45:00,0.0,244,,,,,,,0.0,278
2020-06-02 12:30:00,0.0,242,,89487.0,,,,,0.0,278
2020-06-02 12:15:00,0.0,240,,,,,,,0.0,278
2020-06-02 12:00:00,0.0,238,0.0,89487.0,0.0,61.0,,,0.0,279
2020-06-02 11:45:00,0.0,235,,,,,,,0.0,279
2020-06-02 11:30:00,0.0,233,,89488.0,,,,,0.0,279
2020-06-02 11:15:00,0.0,230,,,,,,,0.0,279
2020-06-02 11:00:00,0.0,227,0.0,89490.0,0.0,64.0,,,0.0,278
2020-06-02 10:45:00,0.0,225,,,,,,,0.0,277
2020-06-02 10:30:00,0.0,222,,89490.0,,,,,0.0,277
2020-06-02 10:15:00,0.0,219,,,,,,,0.0,276
2020-06-02 10:00:00,0.0,215,0.0,89490.0,0.0,61.0,,,0.0,276
2020-06-02 09:45:00,0.0,212,,,,,,,0.25,274
2020-06-02 09:30:00,0.0,208,,89489.0,,,,,0.0,274
2020-06-02 09:15:00,0.0,204,,,,,,,0.0,273
2020-06-02 09:00:00,0.0,201,0.0,89487.0,0.0,61.0,,,0.0,273
2020-06-02 08:45:00,0.0,197,,,,,,,0.0,273
2020-06-02 08:30:00,0.0,193,,89486.0,,,,,0.0,272
2020-06-02 08:15:00,0.0,189,,,,,,,0.0,273
2020-06-02 08:00:00,0.0,185,0.0,89485.0,0.0,59.0,,,0.0,273
2020-06-02 07:45:00,0.0,182,,,,,,,0.0,273
2020-06-02 07:30:00,0.0,178,,89484.0,,,,,0.0,274
2020-06-02 07:15:00,0.0,174,,,,,,,0.0,274
2020-06-02 07:00:00,0.2,171,0.0,89484.0,0.0,57.0,,,0.0,274
2020-06-02 06:45:00,0.2,167,,,,,,,0.0,275
2020-06-02 06:30:00,0.0,163,,89484.0,,,,,0.25,275
2020-06-02 06:15:00,0.0,160,,,,,,,0.0,275
2020-06-02 06:00:00,0.2,156,0.0,89483.0,0.0,58.0,,,0.0,275
2020-06-02 05:45:00,0.0,153,,,,,,,0.0,273
2020-06-02 05:30:00,0.0,149,,89484.0,,,,,0.0,272
2020-06-02 05:15:00,0.2,146,,,,,,,0.0,270
2020-06-02 05:00:00,0.4,143,0.0,89484.0,0.0,61.0,,,0.0,269
2020-06-02 04:45:00,0.2,140,,,,,,,0.25,269
2020-06-02 04:30:00,0.4,138,,89485.0,,,,,0.5,268
2020-06-02 04:15:00,0.2,136,,,,,,,0.25,268
2020-06-02 04:00:00,0.2,134,0.0,89486.0,1.0,62.0,,,0.25,267
2020-06-02 03:45:00,0.4,132,,,,,,,0.25,266
2020-06-02 03:30:00,0.2,130,,89487.0,,,,,0.25,265
2020-06-02 03:15:00,0.0,129,,,,,,,2.0,264
2020-06-02 03:00:00,0.0,128,0.0,89486.0,1.0,59.0,,,0.0,263
2020-06-02 02:45:00,0.0,128,,,,,,,0.25,262
2020-06-02 02:30:00,0.0,128,,89485.0,,,,,0.0,261
2020-06-02 02:15:00,0.0,128,,,,,,,0.0,260
2020-06-02 02:00:00,0.0,127,0.0,89484.0,0.0,64.0,,,0.0,259
2020-06-02 01:45:00,0.0,128,,,,,,,0.0,259
2020-06-02 01:30:00,0.2,128,,89484.0,,,,,0.0,259
2020-06-02 01:15:00,0.0,129,,,,,,,0.25,259
2020-06-02 01:00:00,0.2,129,0.0,89484.0,3.0,80.0,,,0.0,259
2020-06-02 00:45:00,0.2,130,,,,,,,0.25,259
2020-06-02 00:30:00,0.8,130,,89485.0,,,,,1.0,259
2020-06-02 00:15:00,1.4,131,,,,,,,0.25,260
2020-06-02 00:00:00,0.0,131,,89487.0,5.0,47.0,,,0.0,260
2020-05-02 23:45:00,0.4,132,,,,,,,0.0,260
2020-05-02 23:30:00,0.4,132,,89489.0,,,,,0.25,260
2020-05-02 23:15:00,0.4,133,,,,,,,0.0,261
2020-05-02 23:00:00,0.0,133,,,0.0,44.0,,,0.0,261
2020-05-02 22:45:00,0.0,133,,,,,,,0.0,261
2020-05-02 22:30:00,0.0,134,,89490.0,,,,,0.0,261
2020-05-02 22:15:00,0.0,135,,,,,,,0.0,260
2020-05-02 22:00:00,0.0,135,0.0,89483.0,0.0,45.0,,,0.0,259
2020-05-02 21:45:00,0.0,135,,,,,,,0.0,259
2020-05-02 21:30:00,0.0,136,,89481.0,,,,,0.0,259
2020-05-02 21:15:00,0.0,136,,,,,,,0.0,259
2020-05-02 21:00:00,0.0,137,0.0,89479.0,0.0,45.0,,,0.0,259
2020-05-02 20:45:00,0.0,137,,,,,,,0.0,259
2020-05-02 20:30:00,0.0,137,,89475.0,,,,,0.0,259
2020-05-02 20:15:00,0.0,138,,,,,,,0.25,260
2020-05-02 20:00:00,0.0,138,0.0,89475.0,0.0,42.0,,,1.0,260
2020-05-02 19:45:00,0.0,139,,,,,,,0.0,260
2020-05-02 19:30:00,0.0,140,,89476.0,,,,,0.0,260
2020-05-02 19:15:00,0.0,141,,,,,,,0.0,260
2020-05-02 19:00:00,0.0,142,0.0,89473.0,0.0,46.0,,,0.0,260
2020-05-02 18:45:00,0.0,144,,,,,,,0.0,260
2020-05-02 18:30:00,0.0,145,,89474.0,,,,,0.0,260
2020-05-02 18:15:00,0.0,147,,,,,,,0.0,260
2020-05-02 18:00:00,0.0,149,0.0,89474.0,0.0,47.0,,,0.0,260
2020-05-02 17:45:00,0.0,152,,,,,,,0.0,260
2020-05-02 17:30:00,0.0,154,,89474.0,,,,,0.0,260
2020-05-02 17:15:00,0.2,156,,,,,,,0.0,260
2020-05-02 17:00:00,0.0,159,0.0,89475.0,0.0,47.0,,,0.0,260
2020-05-02 16:45:00,0.0,161,,,,,,,0.0,260
2020-05-02 16:30:00,0.0,163,,89475.0,,,,,0.0,261
2020-05-02 16:15:00,0.0,166,,,,,,,0.0,261
2020-05-02 16:00:00,0.0,169,0.0,89476.0,0.0,48.0,,,0.0,261
2020-05-02 15:45:00,0.0,172,,,,,,,0.0,261
2020-05-02 15:30:00,0.0,175,,89476.0,,,,,0.0,261
2020-05-02 15:15:00,0.0,177,,,,,,,0.0,261
2020-05-02 15:00:00,0.0,181,0.0,89476.0,0.0,49.0,,,0.0,262
2020-05-02 14:45:00,0.0,184,,,,,,,0.0,262
2020-05-02 14:30:00,0.0,187,,89477.0,,,,,0.0,262
2020-05-02 14:15:00,0.0,190,,,,,,,0.0,262
2020-05-02 14:00:00,0.0,192,0.0,89477.0,0.0,49.0,,,0.0,262
2020-05-02 13:45:00,0.0,195,,,,,,,0.0,262
2020-05-02 13:30:00,0.0,197,,89477.0,,,,,0.0,262
2020-05-02 13:15:00,0.2,200,,,,,,,0.0,262
2020-05-02 13:00:00,0.0,202,0.0,89476.0,0.0,51.0,,,0.0,263
2020-05-02 12:45:00,0.0,204,,,,,,,0.0,263
2020-05-02 12:30:00,0.4,205,,89475.0,,,,,0.0,263
2020-05-02 12:15:00,0.0,206,,,,,,,0.0,263
2020-05-02 12:00:00,0.0,207,,89474.0,0.0,52.0,,,0.0,264
2020-05-02 11:45:00,0.0,207,,,,,,,0.0,264
2020-05-02 11:30:00,0.0,206,,89474.0,,,,,0.25,264
2020-05-02 11:15:00,0.2,206,,,,,,,0.25,264
2020-05-02 11:00:00,0.4,205,,,0.0,56.0,,,0.25,264
2020-05-02 10:45:00,0.0,203,,,,,,,0.0,264
2020-05-02 10:30:00,0.2,201,,89473.0,,,,,0.0,265
2020-05-02 10:15:00,0.0,198,,,,,,,0.25,265
2020-05-02 10:00:00,0.6,196,0.0,89472.0,0.0,54.0,,,0.0,265
2020-05-02 09:45:00,1.0,192,,,,,,,0.0,266
2020-05-02 09:30:00,1.2,188,,89472.0,,,,,0.0,266
2020-05-02 09:15:00,1.0,184,,,,,,,0.5,267
2020-05-02 09:00:00,0.4,180,0.0,89471.0,0.0,56.0,,,0.75,267
2020-05-02 08:45:00,0.2,176,,,,,,,0.5,267
2020-05-02 08:30:00,1.4,172,,89470.0,,,,,0.75,268
2020-05-02 08:15:00,0.2,167,,,,,,,0.0,268
2020-05-02 08:00:00,0.0,163,0.0,89471.0,0.0,57.0,,,0.0,269
2020-05-02 07:45:00,0.0,159,,,,,,,0.0,269
2020-05-02 07:30:00,0.0,155,,89471.0,,,,,0.0,270
2020-05-02 07:15:00,0.0,151,,,,,,,0.0,270
2020-05-02 07:00:00,0.0,149,0.0,89471.0,0.0,59.0,,,0.0,271
2020-05-02 06:45:00,0.0,146,,,,,,,0.0,271
2020-05-02 06:30:00,0.0,144,,89471.0,,,,,0.25,271
2020-05-02 06:15:00,0.0,143,,,,,,,0.0,271
2020-05-02 06:00:00,0.0,142,0.0,89471.0,0.0,61.0,,,0.0,272
2020-05-02 05:45:00,0.0,142,,,,,,,0.0,271
2020-05-02 05:30:00,0.0,141,,89471.0,,,,,0.0,271
2020-05-02 05:15:00,0.0,141,,,,,,,0.0,271
2020-05-02 05:00:00,0.0,141,0.0,89471.0,0.0,59.0,,,0.0,271
2020-05-02 04:45:00,0.0,140,,,,,,,0.0,270
2020-05-02 04:30:00,0.0,140,,89471.0,,,,,0.0,269
2020-05-02 04:15:00,0.0,139,,,,,,,0.0,269
2020-05-02 04:00:00,0.0,139,0.0,89470.0,0.0,59.0,,,0.0,269
2020-05-02 03:45:00,0.0,138,,,,,,,0.0,268
2020-05-02 03:30:00,0.0,137,,89470.0,,,,,0.0,268
2020-05-02 03:15:00,0.0,136,,,,,,,0.0,269
2020-05-02 03:00:00,0.0,135,0.0,89470.0,0.0,59.0,,,0.0,269
2020-05-02 02:45:00,0.0,134,,,,,,,0.0,269
2020-05-02 02:30:00,0.0,133,,89470.0,,,,,0.0,270
2020-05-02 02:15:00,0.0,131,,,,,,,0.0,271
2020-05-02 02:00:00,0.0,130,0.0,89471.0,0.0,57.0,,,0.0,272
2020-05-02 01:45:00,0.0,128,,,,,,,0.0,273
2020-05-02 01:30:00,0.0,126,,89470.0,,,,,0.0,275
2020-05-02 01:15:00,0.0,123,,,,,,,0.0,277
2020-05-02 01:00:00,0.0,121,0.0,89470.0,0.0,55.0,,,0.0,279
2020-05-02 00:45:00,0.0,118,,,,,,,0.0,282
2020-05-02 00:30:00,0.0,116,,89471.0,,,,,0.0,284
2020-05-02 00:15:00,0.0,114,,,,,,,0.0,287
2020-05-02 00:00:00,0.0,112,0.0,89470.0,0.0,46.0,,,0.0,289
2020-04-02 23:45:00,0.0,111,,,,,,,0.0,289
2020-04-02 23:30:00,0.0,110,,89471.0,,,,,0.0,287
2020-04-02 23:15:00,0.0,109,,,,,,,0.0,288
2020-04-02 23:00:00,0.0,109,0.0,89471.0,0.0,51.0,,,0.0,292
2020-04-02 22:45:00,0.0,109,,,,,,,0.0,295
2020-04-02 22:30:00,0.0,109,,89471.0,,,,,0.0,295
2020-04-02 22:15:00,0.4,109,,,,,,,0.25,289
2020-04-02 22:00:00,0.6,109,0.0,89471.0,3.0,45.0,,,0.75,285
2020-04-02 21:45:00,1.0,109,,,,,,,0.75,286
2020-04-02 21:30:00,0.4,109,,89471.0,,,,,1.0,279
2020-04-02 21:15:00,0.8,110,,,,,,,4.5,266
2020-04-02 21:00:00,2.8,110,0.0,89471.0,8.0,43.0,,,11.0,261
2020-04-02 20:45:00,0.8,110,,,,,,,0.25,259
2020-04-02 20:30:00,0.0,110,,,,,,,0.25,259
2020-04-02 20:15:00,0.0,111,,,,,,,0.0,259
2020-04-02 20:00:00,0.0,111,0.0,89472.0,0.0,39.0,,,0.0,259
2020-04-02 19:45:00,0.0,112,,,,,,,0.0,259
2020-04-02 19:30:00,0.0,113,,89472.0,,,,,0.0,260
2020-04-02 19:15:00,0.0,114,,,,,,,0.0,260
2020-04-02 19:00:00,0.0,114,0.0,89479.0,0.0,44.0,,,0.0,260
2020-04-02 18:45:00,0.0,115,,,,,,,0.0,261
2020-04-02 18:30:00,0.0,116,,89480.0,,,,,0.0,261
2020-04-02 18:15:00,0.0,117,,,,,,,0.0,261
2020-04-02 18:00:00,0.0,118,0.0,89480.0,0.0,44.0,,,0.0,261
2020-04-02 17:45:00,0.0,119,,,,,,,0.0,261
2020-04-02 17:30:00,0.0,121,,89480.0,,,,,0.0,262
2020-04-02 17:15:00,0.0,122,,,,,,,0.0,262
2020-04-02 17:00:00,0.0,123,0.0,89481.0,0.0,44.0,,,0.0,262
2020-04-02 16:45:00,0.0,124,,,,,,,0.0,262
2020-04-02 16:30:00,0.0,125,,89481.0,,,,,0.0,263
2020-04-02 16:15:00,0.0,126,,,,,,,0.0,263
2020-04-02 16:00:00,0.0,127,,89481.0,0.0,44.0,,,0.0,264
2020-04-02 15:45:00,0.0,128,,,,,,,0.0,264
2020-04-02 15:30:00,0.0,129,,89481.0,,,,,0.0,264
2020-04-02 15:15:00,0.0,130,,,,,,,0.0,265
2020-04-02 15:00:00,0.0,130,,89482.0,0.0,46.0,,,0.0,265
2020-04-02 14:45:00,0.0,131,,,,,,,0.0,265
2020-04-02 14:30:00,0.0,131,,89481.0,,,,,0.0,265
2020-04-02 14:15:00,0.0,131,,,,,,,0.0,266
2020-04-02 14:00:00,0.0,131,,,0.0,45.0,,,0.0,266
2020-04-02 13:45:00,0.0,130,,,,,,,0.0,266
2020-04-02 13:30:00,0.0,130,,,,,,,0.0,267
2020-04-02 13:15:00,0.0,130,,,,,,,0.0,267
2020-04-02 13:00:00,0.0,129,,,0.0,46.0,,,0.0,268
2020-04-02 12:45:00,0.0,128,,,,,,,0.0,269
2020-04-02 12:30:00,0.0,128,,,,,,,0.0,269
2020-04-02 12:15:00,0.0,127,,,,,,,0.0,270
2020-04-02 12:00:00,0.0,127,,,0.0,49.0,,,0.0,270
2020-04-02 11:45:00,0.0,126,,,,,,,0.0,271
2020-04-02 11:30:00,0.0,126,,,,,,,0.0,272
2020-04-02 11:15:00,0.0,127,,,,,,,0.0,272
2020-04-02 11:00:00,0.0,128,,,0.0,46.0,,,0.0,273
2020-04-02 10:45:00,0.0,128,,,,,,,0.0,274
2020-04-02 10:30:00,0.0,130,,,,,,,0.0,276
2020-04-02 10:15:00,0.0,131,,,,,,,0.0,277
2020-04-02 10:00:00,0.0,132,,,0.0,46.0,,,0.0,278
2020-04-02 09:45:00,0.0,133,,,,,,,0.0,279
2020-04-02 09:30:00,0.0,135,,,,,,,0.0,280
2020-04-02 09:15:00,0.0,136,,,,,,,0.0,282
2020-04-02 09:00:00,0.0,138,,,0.0,47.0,,,0.0,283
2020-04-02 08:45:00,0.0,139,,,,,,,0.0,284
2020-04-02 08:30:00,0.0,141,,,,,,,0.0,286
2020-04-02 08:15:00,0.0,143,,,,,,,0.0,287
2020-04-02 08:00:00,0.0,144,,,0.0,48.0,,,0.0,288
2020-04-02 07:45:00,0.0,145,,,,,,,0.0,290
2020-04-02 07:30:00,0.0,147,,,,,,,0.0,291
2020-04-02 07:15:00,0.0,148,,,,,,,0.25,293
2020-04-02 07:00:00,0.0,148,,,0.0,49.0,,,0.0,294
2020-04-02 06:45:00,0.0,149,,,,,,,0.0,294
2020-04-02 06:30:00,0.0,149,,,,,,,0.0,296
2020-04-02 06:15:00,0.0,149,,,,,,,0.0,296
2020-04-02 06:00:00,0.0,149,,,0.0,50.0,,,0.0,297
2020-04-02 05:45:00,0.0,149,,,,,,,0.0,297
2020-04-02 05:30:00,0.0,148,,,,,,,0.0,297
2020-04-02 05:15:00,0.0,147,,,,,,,0.0,297
2020-04-02 05:00:00,0.0,146,,,0.0,51.0,,,0.0,297
2020-04-02 04:45:00,0.0,145,,,,,,,0.0,296
2020-04-02 04:30:00,0.0,144,,,,,,,0.0,296
2020-04-02 04:15:00,0.0,142,,,,,,,0.0,297
2020-04-02 04:00:00,0.0,140,,,0.0,53.0,,,0.0,298
2020-04-02 03:45:00,0.0,138,,,,,,,0.0,299
2020-04-02 03:30:00,0.0,135,,,,,,,0.0,301
2020-04-02 03:15:00,0.0,132,,,,,,,0.0,302
2020-04-02 03:00:00,0.0,129,,,0.0,54.0,,,0.0,305
2020-04-02 02:45:00,0.0,126,,,,,,,0.0,306
2020-04-02 02:30:00,0.0,123,,,,,,,0.0,308
2020-04-02 02:15:00,0.0,120,,,,,,,0.0,309
2020-04-02 02:00:00,0.0,118,,,0.0,57.0,,,0.0,312
2020-04-02 01:45:00,0.0,116,,,,,,,0.0,315
2020-04-02 01:30:00,0.2,115,,,,,,,0.0,320
2020-04-02 01:15:00,0.0,115,,,,,,,0.0,327
2020-04-02 01:00:00,0.0,115,,,0.0,59.0,,,0.0,331
2020-04-02 00:45:00,0.0,114,,,,,,,0.0,331
2020-04-02 00:30:00,0.0,114,,,,,,,0.0,325
2020-04-02 00:15:00,0.0,114,,,,,,,0.25,320
2020-04-02 00:00:00,0.6,113,,,3.0,50.0,,,1.0,318
2020-03-02 23:45:00,0.2,113,,,,,,,0.5,308
2020-03-02 23:30:00,1.6,113,,,,,,,4.0,283
2020-03-02 23:15:00,0.8,113,,,,,,,2.0,275
2020-03-02 23:00:00,2.0,113,,,15.0,52.0,,,1.0,272
2020-03-02 22:45:00,4.6,113,,,,,,,1.5,274
2020-03-02 22:30:00,1.0,112,,,,,,,0.0,263
2020-03-02 22:15:00,0.2,113,,,,,,,6.25,256
2020-03-02 22:00:00,5.4,113,,,0.0,41.0,,,8.5,252
2020-03-02 21:45:00,0.0,113,,,,,,,0.0,251
2020-03-02 21:30:00,0.0,114,,,,,,,0.0,251
2020-03-02 21:15:00,0.0,115,,,,,,,0.0,252
2020-03-02 21:00:00,0.0,116,,,0.0,42.0,,,0.0,252
2020-03-02 20:45:00,0.0,117,,,,,,,0.0,252
2020-03-02 20:30:00,0.0,118,,,,,,,0.0,252
2020-03-02 20:15:00,0.0,119,,,,,,,0.0,252
2020-03-02 20:00:00,0.0,119,,,0.0,42.0,,,0.0,252
2020-03-02 19:45:00,0.0,121,,,,,,,0.0,252
2020-03-02 19:30:00,0.0,121,,,,,,,0.0,253
2020-03-02 19:15:00,0.0,122,,,,,,,0.0,253
2020-03-02 19:00:00,0.0,122,,,0.0,43.0,,,0.0,253
2020-03-02 18:45:00,0.0,123,,,,,,,0.0,253
2020-03-02 18:30:00,0.0,123,,,,,,,0.0,253
2020-03-02 18:15:00,0.0,123,,,,,,,0.0,254
2020-03-02 18:00:00,0.0,122,,,0.0,44.0,,,0.0,254
2020-03-02 17:45:00,0.0,121,,,,,,,0.0,254
2020-03-02 17:30:00,0.0,120,,,,,,,0.0,254
2020-03-02 17:15:00,0.0,119,,,,,,,0.0,254
2020-03-02 17:00:00,0.0,118,,,0.0,43.0,,,0.0,254
2020-03-02 16:45:00,0.0,116,,,,,,,0.0,255
2020-03-02 16:30:00,0.0,114,,,,,,,0.0,255
2020-03-02 16:15:00,0.0,112,,,,,,,0.0,255
2020-03-02 16:00:00,0.0,110,,,0.0,44.0,,,0.0,256
2020-03-02 15:45:00,0.0,109,,,,,,,0.0,256
2020-03-02 15:30:00,0.0,107,,,,,,,0.0,256
2020-03-02 15:15:00,0.0,106,,,,,,,0.0,257
2020-03-02 15:00:00,0.0,105,,,0.0,44.0,,,0.0,257
2020-03-02 14:45:00,0.0,105,,,,,,,0.0,257
2020-03-02 14:30:00,0.0,104,,,,,,,0.0,258
2020-03-02 14:15:00,0.0,104,,,,,,,0.0,258
2020-03-02 14:00:00,0.0,104,,,0.0,45.0,,,0.0,258
2020-03-02 13:45:00,0.2,103,,,,,,,0.0,258
2020-03-02 13:30:00,0.0,103,,,,,,,0.0,258
2020-03-02 13:15:00,0.0,103,,,,,,,0.0,258
2020-03-02 13:00:00,0.0,102,,,0.0,46.0,,,0.0,258
2020-03-02 12:45:00,0.0,102,,,,,,,0.0,258
2020-03-02 12:30:00,0.0,102,,,,,,,0.0,258
2020-03-02 12:15:00,0.0,102,,,,,,,0.0,257
2020-03-02 12:00:00,0.0,102,,,0.0,43.0,,,0.0,256
2020-03-02 11:45:00,0.0,102,,,,,,,0.0,256
2020-03-02 11:30:00,0.0,101,,,,,,,0.0,255
2020-03-02 11:15:00,0.0,101,,,,,,,0.0,254
2020-03-02 11:00:00,0.0,101,,,0.0,42.0,,,0.0,254
2020-03-02 10:45:00,0.0,101,,,,,,,0.0,253
2020-03-02 10:30:00,0.0,101,,,,,,,0.0,253
2020-03-02 10:15:00,0.0,101,,,,,,,0.0,253
2020-03-02 10:00:00,0.0,101,,,0.0,42.0,,,0.0,253
2020-03-02 09:45:00,0.0,101,,,,,,,0.0,253
2020-03-02 09:30:00,0.0,101,,,,,,,0.0,253
2020-03-02 09:15:00,0.0,102,,,,,,,0.0,253
2020-03-02 09:00:00,0.0,102,,,0.0,42.0,,,0.0,253
2020-03-02 08:45:00,0.0,101,,,,,,,0.0,254
2020-03-02 08:30:00,0.0,102,,,,,,,0.0,254
2020-03-02 08:15:00,0.0,101,,,,,,,0.0,254
2020-03-02 08:00:00,0.0,101,,,0.0,42.0,,,0.0,255
2020-03-02 07:45:00,0.0,101,,,,,,,0.0,255
2020-03-02 07:30:00,0.0,101,,,,,,,0.0,255
2020-03-02 07:15:00,0.0,100,,,,,,,0.0,254
2020-03-02 07:00:00,0.0,100,,,0.0,42.0,,,0.0,253
2020-03-02 06:45:00,0.0,99,,,,,,,0.0,252
2020-03-02 06:30:00,0.0,99,,,,,,,0.0,251
2020-03-02 06:15:00,0.0,98,,,,,,,0.0,251
2020-03-02 06:00:00,0.0,98,,,0.0,42.0,,,0.0,251
2020-03-02 05:45:00,0.0,98,,,,,,,0.0,251
2020-03-02 05:30:00,0.0,97,,,,,,,0.0,251
2020-03-02 05:15:00,0.0,97,,,,,,,0.0,251
2020-03-02 05:00:00,0.2,97,,,2.0,42.0,,,0.5,251
2020-03-02 04:45:00,2.6,96,,,,,,,1.0,251
2020-03-02 04:30:00,0.0,96,,,,,,,1.25,251
2020-03-02 04:15:00,0.0,96,,,,,,,2.25,250
2020-03-02 04:00:00,0.0,96,,,3.0,41.0,,,0.0,250
2020-03-02 03:45:00,0.0,95,,,,,,,0.0,250
2020-03-02 03:30:00,0.0,95,,,,,,,0.0,250
2020-03-02 03:15:00,0.0,96,,,,,,,0.0,250
2020-03-02 03:00:00,0.0,95,,,1.0,40.0,,,0.0,250
2020-03-02 02:45:00,0.0,96,,,,,,,0.0,250
2020-03-02 02:30:00,0.0,96,,,,,,,0.0,250
2020-03-02 02:15:00,0.0,96,,,,,,,0.0,251
2020-03-02 02:00:00,0.0,97,,,0.0,41.0,,,0.0,251
2020-03-02 01:45:00,0.0,97,,,,,,,0.0,251
2020-03-02 01:30:00,0.0,98,,,,,,,0.0,251
2020-03-02 01:15:00,0.0,98,,,,,,,0.0,251
2020-03-02 01:00:00,0.0,99,,,0.0,40.0,,,0.0,251
2020-03-02 00:45:00,0.0,99,,,,,,,0.0,251
2020-03-02 00:30:00,0.0,100,,,,,,,0.0,251
2020-03-02 00:15:00,0.0,101,,,,,,,0.0,251
2020-03-02 00:00:00,0.0,102,,,0.0,40.0,,,0.0,251
2020-02-02 23:45:00,0.0,102,,,,,,,0.0,251
2020-02-02 23:30:00,0.0,103,,,,,,,0.0,251
2020-02-02 23:15:00,0.0,104,,,,,,,0.0,252
2020-02-02 23:00:00,0.0,104,,,0.0,40.0,,,0.0,252
2020-02-02 22:45:00,0.0,105,,,,,,,0.0,252
2020-02-02 22:30:00,0.0,105,,,,,,,0.0,252
2020-02-02 22:15:00,0.0,106,,,,,,,0.0,252
2020-02-02 22:00:00,0.0,106,,,0.0,41.0,,,0.0,252
2020-02-02 21:45:00,0.0,106,,,,,,,0.0,253
2020-02-02 21:30:00,0.0,107,,,,,,,0.0,253
2020-02-02 21:15:00,0.0,107,,,,,,,0.0,253
2020-02-02 21:00:00,0.0,108,,,0.0,40.0,,,0.0,253
2020-02-02 20:45:00,0.0,108,,,,,,,0.0,254
2020-02-02 20:30:00,0.0,109,,,,,,,0.0,254
2020-02-02 20:15:00,0.0,109,,,,,,,0.0,254
2020-02-02 20:00:00,0.0,110,,,0.0,40.0,,,0.0,254
2020-02-02 19:45:00,0.0,110,,,,,,,0.0,254
2020-02-02 19:30:00,0.0,111,,,,,,,0.0,254
2020-02-02 19:15:00,0.0,112,,,,,,,0.0,254
2020-02-02 19:00:00,0.0,112,,,0.0,41.0,,,0.0,255
2020-02-02 18:45:00,0.0,113,,,,,,,0.0,255
2020-02-02 18:30:00,0.0,113,,,,,,,0.0,255
2020-02-02 18:15:00,0.0,114,,,,,,,0.0,255
2020-02-02 18:00:00,0.0,114,,,0.0,41.0,,,0.0,255
2020-02-02 17:45:00,0.0,114,,,,,,,0.0,256
2020-02-02 17:30:00,0.0,115,,,,,,,0.0,256
2020-02-02 17:15:00,0.0,115,,,,,,,0.0,256
2020-02-02 17:00:00,0.0,116,,,0.0,43.0,,,0.0,256
2020-02-02 16:45:00,0.0,116,,,,,,,0.0,256
2020-02-02 16:30:00,0.0,117,,,,,,,0.0,257
2020-02-02 16:15:00,0.0,117,,,,,,,0.0,257
2020-02-02 16:00:00,0.0,118,,,0.0,42.0,,,0.0,257
2020-02-02 15:45:00,0.0,119,,,,,,,0.0,257
2020-02-02 15:30:00,0.0,119,,,,,,,0.0,258
2020-02-02 15:15:00,0.0,120,,,,,,,0.0,258
2020-02-02 15:00:00,0.0,121,,,0.0,42.0,,,0.0,258
2020-02-02 14:45:00,0.0,122,,,,,,,0.0,258
2020-02-02 14:30:00,0.0,122,,,,,,,0.0,258
2020-02-02 14:15:00,0.0,123,,,,,,,0.0,258
2020-02-02 14:00:00,0.0,124,,,0.0,44.0,,,0.0,259
2020-02-02 13:45:00,0.2,124,,,,,,,0.0,259
2020-02-02 13:30:00,0.0,124,,,,,,,0.0,259
2020-02-02 13:15:00,0.0,124,,,,,,,0.0,259
2020-02-02 13:00:00,0.0,124,,,0.0,46.0,,,0.0,259
2020-02-02 12:45:00,0.0,124,,,,,,,0.0,260
2020-02-02 12:30:00,0.0,124,,,,,,,0.0,260
2020-02-02 12:15:00,0.0,124,,,,,,,0.0,260
2020-02-02 12:00:00,0.0,124,,,0.0,46.0,,,0.0,260
2020-02-02 11:45:00,0.0,123,,,,,,,0.0,261
2020-02-02 11:30:00,0.0,123,,,,,,,0.0,261
2020-02-02 11:15:00,0.0,122,,,,,,,0.0,261
2020-02-02 11:00:00,0.0,122,,,0.0,46.0,,,0.0,262
2020-02-02 10:45:00,0.0,121,,,,,,,0.0,262
2020-02-02 10:30:00,0.0,121,,,,,,,0.0,262
2020-02-02 10:15:00,0.0,119,,,,,,,0.0,263
2020-02-02 10:00:00,0.0,118,,,0.0,35.0,,,0.0,263
2020-02-02 09:45:00,0.0,118,,,,,,,0.0,264
2020-02-02 09:30:00,0.0,117,,,,,,,0.0,265
2020-02-02 09:15:00,0.0,119,,,,,,,0.0,265
2020-02-02 09:00:00,0.0,118,,,0.0,36.0,,,0.0,265
2020-02-02 08:45:00,0.0,118,,,,,,,0.0,266
2020-02-02 08:30:00,0.0,117,,,,,,,0.0,266
2020-02-02 08:15:00,0.0,117,,,,,,,0.0,267
2020-02-02 08:00:00,0.0,116,,,0.0,36.0,,,0.0,267
2020-02-02 07:45:00,0.0,116,,,,,,,0.0,268
2020-02-02 07:30:00,0.0,116,,,,,,,0.0,268
2020-02-02 07:15:00,0.0,115,,,,,,,0.0,268
2020-02-02 07:00:00,0.0,115,,,0.0,36.0,,,0.0,269
2020-02-02 06:45:00,0.0,114,,,,,,,0.25,269
2020-02-02 06:30:00,0.0,113,,,,,,,0.0,269
2020-02-02 06:15:00,0.0,113,,,,,,,0.0,269
2020-02-02 06:00:00,0.0,112,,,0.0,37.0,,,0.0,269
2020-02-02 05:45:00,0.0,111,,,,,,,0.0,269
2020-02-02 05:30:00,0.0,110,,,,,,,0.0,269
2020-02-02 05:15:00,0.0,108,,,,,,,0.0,269
2020-02-02 05:00:00,0.0,107,,,0.0,37.0,,,0.25,269
2020-02-02 04:45:00,0.2,106,,,,,,,0.25,269
2020-02-02 04:30:00,0.4,104,,,,,,,0.25,269
2020-02-02 04:15:00,1.0,102,,,,,,,0.0,269
2020-02-02 04:00:00,0.0,101,,,0.0,36.0,,,0.0,269
2020-02-02 03:45:00,0.0,99,,,,,,,0.0,269
2020-02-02 03:30:00,0.0,98,,,,,,,0.0,269
2020-02-02 03:15:00,0.0,97,,,,,,,0.0,270
2020-02-02 03:00:00,0.0,96,,,0.0,38.0,,,0.0,271
2020-02-02 02:45:00,0.4,96,,,,,,,0.0,271
2020-02-02 02:30:00,0.0,95,,,,,,,0.25,272
2020-02-02 02:15:00,0.0,94,,,,,,,0.0,272
2020-02-02 02:00:00,0.0,94,,,0.0,39.0,,,0.0,273
2020-02-02 01:45:00,0.0,94,,,,,,,0.0,273
2020-02-02 01:30:00,0.0,94,,,,,,,0.0,274
2020-02-02 01:15:00,0.0,93,,,,,,,0.0,274
2020-02-02 01:00:00,0.0,93,,,0.0,41.0,,,0.0,275
2020-02-02 00:45:00,0.2,93,,,,,,,0.0,276
2020-02-02 00:30:00,0.0,93,,,,,,,0.25,276
2020-02-02 00:15:00,0.4,92,,,,,,,0.25,276
2020-02-02 00:00:00,0.6,92,,,2.0,46.0,,,0.25,276
